bus;frequency;operator;osm_name;ref;carrier;v_nom;voltage;wkt_srid_4326;x;y;;;;
1;50;TenneT;EON_NetzHannover/West;;substation;220.0;220000;110000;SRID=4326;POINT(9.52257596986262_52.3604090557601);952.257.596.986;523.604.090.558;;
2;50;TenneT;Umspannwerk_Kraftwerk_Robert_Frank;;substation;380.0;220000;;SRID=4326;POINT(9.11321007472722_52.5438533223737);911.321.007.473;525.438.533.224;;
3;50;TenneT;UW_Grohnde_380_kV_/_110_kV;;substation;380.0;380000;110000;SRID=4326;POINT(9.38974509624863_52.0263130660355);938.974.509.625;52.026.313.066;;
4;50;TenneT_TSO_GmbH;Landesbergen;;substation;380.0;380000;220000;SRID=4326;POINT(9.12526570294975_52.5382640870749);912.526.570.295;525.382.640.871;;
5;50;TenneT;Wahle;;substation;380.0;380000;220000;SRID=4326;POINT(10.3662749375017_52.2846467462009);103.662.749.375;522.846.467.462;;
6;50;TenneT_TSO;TenneT_TSO_GmbH_-_Betriebszentrum_Lehrte;;substation;220.0;220000;110000;SRID=4326;POINT(9.91814864613865_52.3799963125719);991.814.864.614;523.799.963.126;;
7;50;TenneT;Algermissen;;substation;380.0;380000;110000;SRID=4326;POINT(9.91717971972185_52.2781686139394);991.717.971.972;522.781.686.139;;
8;;50Hertz;Krmmel;;substation;380.0;380000;110000;SRID=4326;POINT(10.4149923381504_53.4126068830249);104.149.923.382;53.412.606.883;;
9;50;EON_Netz;LueneburgLUEN;;substation;380.0;380000;110000;SRID=4326;POINT(10.3787705903765_53.2197927685849);103.787.705.904;532.197.927.686;;
10;;50Hertz_Transmission_GmbH;Wustermark;;substation;380.0;380000;220000;SRID=4326;POINT(12.9416466019288_52.5621144045848);129.416.466.019;525.621.144.046;;
11;50;50Hertz_Transmission;Hennigsdorf;;substation;220.0;220000;110000;SRID=4326;POINT(13.2061029867985_52.6571362773373);132.061.029.868;526.571.362.773;;
12;50;50Hertz_Transmission_GmbH;NeuenhagenNHG_TCC;;substation;380.0;380000;220000;SRID=4326;POINT(13.7096697058228_52.5397952580643);137.096.697.058;525.397.952.581;;
13;;TenneT_TSO_GmbH;E.ON_Netz_GmbHUmspannwerk_Oberbachern;;substation;380.0;380000;220000;SRID=4326;POINT(11.3704262486892_48.2914922329548);113.704.262.487;48.291.492.233;;
14;;"TenneT_TSO_GmbH;_E.ON_Netz_GmbH";Umspannwerk_Neufinsing;;substation;220.0;220000;110000;SRID=4326;POINT(11.8132328973194_48.2212664654998);118.132.328.973;482.212.664.655;;
15;50;TenneT_TSO_GmbH;Umspannwerk_Ottenhofen;;substation;380.0;380000;220000;SRID=4326;POINT(11.8681562938884_48.2068029185353);118.681.562.939;482.068.029.185;;
16;50;EON_Netz;Umspannwerk_Hattorf;;substation;380.0;380000;110000;SRID=4326;POINT(10.7610403785613_52.3677293804096);107.610.403.786;523.677.293.804;;
17;50;50Hertz;Stromnetz_BerlinUmspannwerk_Malchow;;substation;380.0;380000;110000;SRID=4326;POINT(13.4947633747219_52.5897644435618);134.947.633.747;525.897.644.436;;
18;;50Hertz;Umspannwerk_Lubmin;;substation;380.0;380000;220000;SRID=4326;POINT(13.6834769666546_54.1390906406635);136.834.769.667;541.390.906.407;;
19;;"TenneT_TSO_GmbH;_E.ON_Netz_GmbH";Umspannwerk_Oberbrunn;;substation;220.0;220000;110000;SRID=4326;POINT(11.2939727001158_48.0520427719624);112.939.727.001;48.052.042.772;;
20;50;50Hertz_Transmission;Umspannwerk_Hamburg-Nord;;substation;380.0;380000;220000;SRID=4326;POINT(9.98460982000897_53.7411287759659);998.460.982.001;53.741.128.776;;
21;50;50Hertz_Transmission;Stromnetz_Hamburg_GmbHUmspannwerk_Hamburg/Ost;;substation;380.0;380000;110000;SRID=4326;POINT(10.1575015165126_53.5551316685834);101.575.015.165;535.551.316.686;;
22;50;50Hertz_Transmission;Umspannwerk_Kernkraftwerk_Brunsbuettel;;substation;380.0;380000;220000;SRID=4326;POINT(9.20210420095253_53.8951574100045);920.210.420.095;5.389.515.741;;
23;50;TenneT;Schleswig-Holstein_Netz_AG;Hamburg_Nord;substation;220.0;220000;110000;SRID=4326;POINT(9.98853660865951_53.766277668594);998.853.660.866;537.662.776.686;;
24;50;TenneT;Schleswig-Holstein_Netz_AG;Audorf;substation;380.0;220000;11000;SRID=4326;POINT(9.72699196993402_54.2914209867842);972.699.196.993;542.914.209.868;;
25;50;TenneT;Umspannwerk_Wilster;;substation;380.0;380000;110000;SRID=4326;POINT(9.34476098807139_53.9218370583068);934.476.098.807;539.218.370.583;;
26;;;Brokdorf;;substation;380.0;380000;220000;SRID=4326;POINT(9.34400177215961_53.8517774635399);934.400.177.216;538.517.774.635;;
27;50;;Stade;;substation;220.0;220000;110000;SRID=4326;POINT(9.52960512906833_53.6189906941937);952.960.512.907;536.189.906.942;;
28;50;TenneT;Kummerfeld;;substation;220.0;220000;110000;SRID=4326;POINT(9.77654483874895_53.6906352606291);977.654.483.875;536.906.352.606;;
29;50;TenneT;Stadorf;;substation;380.0;380000;110000;SRID=4326;POINT(10.3821666628198_52.9932540372914);103.821.666.628;529.932.540.373;;
30;50;;Dollern;;substation;380.0;380000;220000;SRID=4326;POINT(9.5017896678173_53.5428143723363);950.178.966.782;535.428.143.723;;
31;50;EON_Netz;Mecklar;;substation;380.0;380000;110000;SRID=4326;POINT(9.74615081640288_50.9168399490798);97.461.508.164;509.168.399.491;;
32;50;50Hertz_Transmission_GmbH;Umspannwerk_Vieselbach;;substation;380.0;380000;220000;SRID=4326;POINT(11.1228545605428_50.9989090670144);111.228.545.605;50.998.909.067;;
33;50;50Hertz;Eisenach;;substation;380.0;380000;110000;SRID=4326;POINT(10.3859411643633_51.0018133014781);103.859.411.644;510.018.133.015;;
34;50;TenneT;Umspannwerk_Maade;MAAD;substation;220.0;380000;220000;SRID=4326;POINT(8.12264230304551_53.5605160490331);812.264.230.305;53.560.516.049;;
35;50;TenneT;EON_Netz;Voslapp;substation;220.0;220000;110000;SRID=4326;POINT(8.08565059715704_53.605834192587);808.565.059.716;536.058.341.926;;
36;50;TenneT;Inhausen;INHA;substation;220.0;220000;155000;SRID=4326;POINT(8.06005695814032_53.6202025750861);806.005.695.814;536.202.025.751;;
37;;50Hertz_Transmission_GmbH;Umspannwerk_Wolmirstedt;;substation;380.0;380000;220000;SRID=4326;POINT(11.6389127631156_52.2687346818467);116.389.127.631;522.687.346.818;;
38;50;Vattenfall_Europe_Transmission;Umspannwerk_Teufelsbruch;;substation;380.0;380000;110000;SRID=4326;POINT(13.2115276454389_52.5806278102291);132.115.276.454;525.806.278.102;;
39;50;50Hertz_Transmission_GmbH;Stendal/West;StW;substation;380.0;380000;110000;SRID=4326;POINT(11.7273534150745_52.5689469938591);117.273.534.151;525.689.469.939;;
40;50;50Hertz_Transmission_GmbH;Siedenbrnzow;;substation;380.0;380000;110000;SRID=4326;POINT(13.1433929102518_53.9081469774219);131.433.929.103;539.081.469.774;;
41;;50Hertz;EON_AvaconUmspannwerk_Perleberg;;substation;380.0;380000;110000;SRID=4326;POINT(11.8531057080136_53.0865444750041);11.853.105.708;53.086.544.475;;
42;50;50Hertz;Gtrow;;substation;380.0;380000;220000;SRID=4326;POINT(12.1869848227216_53.8157751724384);121.869.848.227;538.157.751.724;;
43;;50Hertz_Transmission_GmbH;Brandenburg-West;;substation;220.0;220000;110000;SRID=4326;POINT(12.4993659669539_52.4052284251973);12.499.365.967;524.052.284.252;;
44;50;50Hertz;Vattenfall_Europe_AGUmspannwerk_Wuhlheide;;substation;220.0;220000;110000;SRID=4326;POINT(13.5061534469385_52.473822309174);135.061.534.469;524.738.223.092;;
45;50;50Hertz_Transmission_GmbH;Thyrow;;substation;220.0;380000;220000;SRID=4326;POINT(13.3057532949594_52.2307818451873);13.305.753.295;522.307.818.452;;
46;50;50Hertz;Umspannwerk_Marzahn;MZA9;substation;380.0;380000;220000;SRID=4326;POINT(13.5241987309997_52.5356342713481);13.524.198.731;525.356.342.713;;
47;50;Vattenfall_Europe_AG;50Hertz_Umspannwerk_Friedrichshain;;substation;380.0;380000;110000;SRID=4326;POINT(13.4564306927748_52.5214517451981);134.564.306.928;525.214.517.452;;
48;50;Stromnetz_Berlin;Umspannwerk_Biesdorf_Nord;BIN;substation;380.0;110000;11000;SRID=4326;POINT(13.5370442127043_52.5374565238016);135.370.442.127;525.374.565.238;;
49;;TenneT_TSO_GmbH;Umspannwerk_Helmstedt;;substation;380.0;380000;110000;SRID=4326;POINT(10.99933301239_52.2001419745622);109.993.330.124;522.001.419.746;;
50;;E.ON_Kraftwerke_GmbH;Kraftwerk_Buschhaus;;plant;380.0;;;SRID=4326;POINT(10.9772332275028_52.1694333176707);109.772.332.275;521.694.333.177;;
51;50;TenneT;Umspannwerk_Borken;;substation;380.0;380000;110000;SRID=4326;POINT(9.25938382024592_51.0603668474477);925.938.382.025;510.603.668.474;;
52;50;EnBW;Karlsruhe-Daxlanden;;substation;380.0;380000;220000;SRID=4326;POINT(8.3133401659254_49.0090434643525);831.334.016.593;490.090.434.644;;
53;50;EnBW;380-kV-Umspannwerk_Eichstetten;;substation;380.0;380000;220000;SRID=4326;POINT(7.75349546540486_48.0993557006259);77.534.954.654;480.993.557.006;;
54;;EnBW_Kernkraft_GmbH;Kernkraftwerk_Philippsburg;;plant;380.0;;;SRID=4326;POINT(8.43846751211921_49.2524597288652);843.846.751.212;492.524.597.289;;
55;50;EnBW;Umspannwerk_Altlussheim;;substation;220.0;220000;110000;SRID=4326;POINT(8.51211132935593_49.293965649573);851.211.132.936;492.939.656.496;;
56;50;EnBW;Umspannwerk_Neurott;;substation;380.0;380000;220000;SRID=4326;POINT(8.62320967451897_49.3565822492832);862.320.967.452;493.565.822.493;;
57;50;;Umspannwerk_Oberwald;;substation;220.0;220000;110000;SRID=4326;POINT(8.44554248929306_48.9860881753906);844.554.248.929;489.860.881.754;;
58;50;EnBW;220_kV-Umspannwerk_Birkenfeld;;substation;220.0;220000;110000;SRID=4326;POINT(8.64158406338239_48.8900524832355);864.158.406.338;488.900.524.832;;
59;50;TenneT;EON_Netz;EWE;substation;380.0;380000;110000;SRID=4326;POINT(8.56374399744213_53.0317215835514);856.374.399.744;530.317.215.836;;
60;50;EON_Netz;Unterweser;UWES;substation;380.0;380000;220000;SRID=4326;POINT(8.47470704898602_53.4286511943138);847.470.704.899;534.286.511.943;;
61;50;Avacon_AG;Umspannwerk_Farge;FARG;substation;380.0;110000;;SRID=4326;POINT(8.51888180951659_53.2026352836834);851.888.180.952;532.026.352.837;;
62;50;swb_Netze_GmbH_&_Co._KG;Umspannwerk_Blockland;;substation;220.0;220000;110000;SRID=4326;POINT(8.82002487241632_53.1073882918815);882.002.487.242;531.073.882.919;;
63;50;EnBW;Buehl;;substation;220.0;220000;110000;SRID=4326;POINT(8.12076909802284_48.7048354259965);812.076.909.802;48.704.835.426;;
64;;Stadtwerke_Muenchen;Hauptumspannwerk_Menzing;MZ;substation;380.0;380000;110000;SRID=4326;POINT(11.4407746483177_48.1718035473026);114.407.746.483;481.718.035.473;;
65;;ČEPS;Hradec;;substation;380.0;400000;220000;SRID=4326;POINT(13.3264049984725_50.3463721850552);133.264.049.985;503.463.721.851;;
66;50;Tennet;EON_Netz;;substation;380.0;380000;220000;SRID=4326;POINT(12.1147644054101_49.6311550521523);121.147.644.054;496.311.550.522;;
67;50;Wesernetz;Niedervieland;NVLD;substation;380.0;380000;110000;SRID=4326;POINT(8.69516075602312_53.0925360847799);869.516.075.602;530.925.360.848;;
68;;RWE;Umspannwerk_Urberach;;substation;380.0;380000;220000;SRID=4326;POINT(8.77244296019056_49.974668665137);877.244.296.019;499.746.686.651;;
69;50;RWE;Station_Buerstadt;;substation;380.0;380000;220000;SRID=4326;POINT(8.41937105938048_49.6337356823792);841.937.105.938;496.337.356.824;;
70;;RWE;_Kraftwerke_Mainz-WiesbadenUmspannstation_Bischofsheim;;substation;380.0;380000;110000;SRID=4326;POINT(8.38855636787547_49.9823050841271);838.855.636.788;499.823.050.841;;
71;50;50Hertz;Umspannwerk_Marke;;substation;380.0;380000;110000;SRID=4326;POINT(12.2621734868101_51.7410202755519);122.621.734.868;517.410.202.756;;
72;50;50Hertz;enviaMUmspannwerk_Lauchstaedt;;substation;380.0;380000;110000;SRID=4326;POINT(11.8942661378135_51.4057031412478);118.942.661.378;514.057.031.412;;
73;50;50Hertz;Umspannwerk_Schnewalde;;substation;380.0;380000;;SRID=4326;POINT(13.1570904871893_51.8284516615019);131.570.904.872;518.284.516.615;;
74;50;50Hertz;Umspannwerk_Ragow;RAG;substation;380.0;380000;110000;SRID=4326;POINT(13.9024346886892_51.8747235190459);139.024.346.887;51.874.723.519;;
75;50;50Hertz;Umspannwerk_Klostermansfeld;;substation;380.0;380000;110000;SRID=4326;POINT(11.5165549672107_51.5843592098734);115.165.549.672;515.843.592.099;;
76;;TenneT;Umspannwerk_Elsen;;substation;380.0;380000;110000;SRID=4326;POINT(8.70221844882815_51.7363525828065);870.221.844.883;517.363.525.828;;
77;50;Eon_Netz;Umspannwerk_Twistetal;;substation;380.0;380000;110000;SRID=4326;POINT(8.99279240395088_51.343009397907);899.279.240.395;513.430.093.979;;
78;50;50Hertz_Transmission_GmbH;Umspannwerk_Remptendorf;;substation;380.0;380000;220000;SRID=4326;POINT(11.6463786274424_50.534876971042);116.463.786.274;50.534.876.971;;
79;50;50Hertz_Transmission;enviaMGraustein;;substation;380.0;380000;110000;SRID=4326;POINT(14.4719654742998_51.5538127185923);144.719.654.743;515.538.127.186;;
80;50;50Hertz;Umspannwerk_Baerwalde;;substation;380.0;380000;;SRID=4326;POINT(14.5081091811329_51.4137103812427);145.081.091.811;514.137.103.812;;
81;50;50Hertz;Umspannwerk_Preilack;PRL;substation;380.0;380000;110000;SRID=4326;POINT(14.4281804852225_51.8888641394403);144.281.804.852;518.888.641.394;;
82;;EON_Netz;EON_Kraftwerk_Wilhelmshaven;;plant;220.0;;;SRID=4326;POINT(8.14191382633093_53.5640011680095);814.191.382.633;53.564.001.168;;
83;50;EON_Netz;TenneTKiel-Sued;;substation;220.0;220000;110000;SRID=4326;POINT(10.1562824575947_54.2755482549913);101.562.824.576;54.275.548.255;;
84;;E.ON_Kraftwerke_GmbH;Stadtwerke_Kiel_AGGemeinschaftskraftwerk_Kiel;;generator;220.0;;;SRID=4326;POINT(10.1773541034729_54.3395212638642);101.773.541.035;543.395.212.639;;
85;;RWE;Station_Gronau;;substation;380.0;380000;220000;SRID=4326;POINT(7.03496796515083_52.2028607381056);703.496.796.515;522.028.607.381;;
86;50;Amprion;Hanekenfaehr;;substation;380.0;380000;220000;SRID=4326;POINT(7.30820430094578_52.4768353862806);730.820.430.095;524.768.353.863;;
87;50;RWE;Station_Kusenhorst;;substation;380.0;380000;220000;SRID=4326;POINT(7.06030699176008_51.6964760130648);706.030.699.176;516.964.760.131;;
88;;RWE;Station_Gellep;;substation;220.0;220000;110000;SRID=4326;POINT(6.6746753206169_51.3249574728255);667.467.532.062;513.249.574.728;;
89;50;RWE;Station_Muendelheim;;substation;220.0;220000;110000;SRID=4326;POINT(6.72376714521247_51.3556543809247);672.376.714.521;513.556.543.809;;
90;50;RWE;Station_Roxel;;substation;380.0;380000;110000;SRID=4326;POINT(7.54571772261949_51.9703244223875);754.571.772.262;519.703.244.224;;
91;;RWE_AG;Erdgaskraftwerk_Emsland;;plant;380.0;;;SRID=4326;POINT(7.30561448538174_52.4801491895706);730.561.448.538;524.801.491.896;;
92;;;;;substation;380.0;380000;;SRID=4326;POINT(7.30433875539085_52.4824259958004);730.433.875.539;524.824.259.958;;
93;50;TenneT;Meppen;MEPP;substation;380.0;380000;110000;SRID=4326;POINT(7.27715391322869_52.7532425946802);727.715.391.323;527.532.425.947;;
94;50;Amprion;Wehrendorf;;substation;380.0;380000;220000;SRID=4326;POINT(8.30775689679575_52.3456356447783);83.077.568.968;523.456.356.448;;
95;50;Amprion;Station_Westerkappeln;;substation;380.0;380000;220000;SRID=4326;POINT(7.88957671235007_52.2773967624078);788.957.671.235;522.773.967.624;;
96;50;;Benteler_Stahlwerk;;substation;380.0;220000;;SRID=4326;POINT(7.31784994377907_52.4691114902799);731.784.994.378;524.691.114.903;;
97;50;ČEPS;Rozvodna_Pratice;;substation;380.0;400000;220000;SRID=4326;POINT(13.3352803846608_49.5896898612644);133.352.803.847;495.896.898.613;;
98;50;50Hertz_Transmission;Bentwisch_HGue;;substation;380.0;380000;;SRID=4326;POINT(12.2147735096776_54.1003234403618);122.147.735.097;541.003.234.404;;
99;50;Amprion;Umspannwerk_Uchtelfangen;;substation;380.0;380000;220000;SRID=4326;POINT(6.99647659179489_49.3754093063084);699.647.659.179;493.754.093.063;;
100;50;Amprion;_WestnetzStation_Niederstedem;;substation;380.0;380000;220000;SRID=4326;POINT(6.47473977006816_49.9224692993999);647.473.977.007;499.224.692.994;;
101;;50Hertz;Wessin;;substation;380.0;380000;;SRID=4326;POINT(11.6993926965362_53.5722744892702);116.993.926.965;535.722.744.893;;
102;50;50Hertz;EON_edis;Goerries;substation;380.0;380000;110000;SRID=4326;POINT(11.3706373688866_53.6009910848999);113.706.373.689;536.009.910.849;;
103;;RWE;Station_Rosenblumendelle;;substation;380.0;380000;110000;SRID=4326;POINT(6.94821343461115_51.4445789430072);694.821.343.461;51.444.578.943;;
104;50;RWE;Station_Buescherhof;;substation;380.0;380000;220000;SRID=4326;POINT(6.92675896360373_51.4992056838496);69.267.589.636;514.992.056.838;;
105;;RWE;Station_Niederrhein;;substation;380.0;380000;110000;SRID=4326;POINT(6.68078798893986_51.6462959356851);668.078.798.894;516.462.959.357;;
106;50;Amprion;Station_Hattingen;;substation;380.0;380000;110000;SRID=4326;POINT(7.16721460965932_51.3899067582106);716.721.460.966;513.899.067.582;;
107;50;RWE;Station_Eiberg;;substation;380.0;380000;220000;SRID=4326;POINT(7.1255729106725_51.4489772588145);712.557.291.067;514.489.772.588;;
108;50;;Station_Karnap;;substation;380.0;380000;110000;SRID=4326;POINT(6.99606888010598_51.5141695891404);699.606.888.011;515.141.695.891;;
109;50;RWE;Witten;;substation;380.0;380000;;SRID=4326;POINT(7.31318284290137_51.4466113896128);73.131.828.429;514.466.113.896;;
110;50;RWE;Station_Uentrop;;substation;380.0;380000;;SRID=4326;POINT(7.99288723332679_51.6837077155955);799.288.723.333;516.837.077.156;;
111;50;Amprion;Station_Nehden;;substation;380.0;380000;110000;SRID=4326;POINT(8.62480052815036_51.4278883849265);862.480.052.815;514.278.883.849;;
112;50;RWE;Station_Mengede;;substation;380.0;380000;;SRID=4326;POINT(7.35311186939787_51.5758105020818);73.531.118.694;515.758.105.021;;
113;50;RWE;Station_Huellen;;substation;380.0;380000;110000;SRID=4326;POINT(7.12323882950453_51.5256121803004);71.232.388.295;515.256.121.803;;
114;50;Amprion;Station_Arpe;;substation;380.0;380000;110000;SRID=4326;POINT(8.21170597594605_51.1779854801194);821.170.597.595;511.779.854.801;;
115;;;RWE_Kraftwerk_Frimmersdorf;;generator;220.0;;;SRID=4326;POINT(6.57648208812114_51.0555954583116);657.648.208.812;510.555.954.583;;
116;50;;Station_Norf;;substation;220.0;220000;110000;SRID=4326;POINT(6.77252309438106_51.1471054906194);677.252.309.438;511.471.054.906;;
117;;RWE;Station_Sechtem;;substation;380.0;380000;220000;SRID=4326;POINT(6.97257742700703_50.795693017514);697.257.742.701;507.956.930.175;;
118;50;Amprion;Station_Lieem;;substation;380.0;380000;110000;SRID=4326;POINT(7.13689469738717_50.6428608767133);713.689.469.739;506.428.608.767;;
119;50;Net;Station_Oberzier;;substation;380.0;380000;110000;SRID=4326;POINT(6.45655246642153_50.8713380368705);645.655.246.642;508.713.380.369;;
120;50;RWE;Station_Dauersberg;;substation;380.0;380000;220000;SRID=4326;POINT(7.86394571365263_50.7682419129404);786.394.571.365;507.682.419.129;;
121;;RWE;RWE_Kraftwerk_Weisweiler;;plant;380.0;;;SRID=4326;POINT(6.32166491493505_50.8383473627586);632.166.491.494;508.383.473.628;;
122;50;Amprion;Station_Verlautenheide;;substation;380.0;380000;110000;SRID=4326;POINT(6.16738169006425_50.8020442927138);616.738.169.006;508.020.442.927;;
123;50;RWE;Station_Rommerskirchen;;substation;380.0;380000;220000;SRID=4326;POINT(6.70220337779745_51.0088609096753);67.022.033.778;510.088.609.097;;
124;50;;KW_Neurath;;substation;380.0;380000;220000;SRID=4326;POINT(6.61240231530956_51.0359242594819);661.240.231.531;510.359.242.595;;
125;;RWE;Station_Opladen;;substation;380.0;380000;220000;SRID=4326;POINT(6.96568442352005_51.0693295322353);696.568.442.352;510.693.295.322;;
126;50;RWE;Station_Linde;;substation;380.0;380000;110000;SRID=4326;POINT(7.23319684331545_51.2325069075148);723.319.684.332;512.325.069.075;;
127;50;;Umspannwerk_Weisweiler;;substation;380.0;380000;110000;SRID=4326;POINT(6.30090123786765_50.8289532122665);630.090.123.787;508.289.532.123;;
128;50;Amprion;Station_Weissenthurm;;substation;380.0;380000;220000;SRID=4326;POINT(7.44948529010545_50.4025276621126);744.948.529.011;504.025.276.621;;
129;50;RWE;Station_Osterath;;substation;380.0;220000;110000;SRID=4326;POINT(6.62582790177014_51.2606098249047);662.582.790.177;512.606.098.249;;
130;50;;Station_Halfeshof;;substation;380.0;380000;110000;SRID=4326;POINT(7.12308195236379_51.1715887782054);712.308.195.236;511.715.887.782;;
131;50;RWE;Station_Sankt_Peter_380_kV;;substation;380.0;380000;220000;SRID=4326;POINT(6.80109333956604_51.1225390518584);680.109.333.957;511.225.390.519;;
132;50;Amprion;Station_Ohligs;;substation;380.0;380000;110000;SRID=4326;POINT(7.00877914033175_51.1742549180397);700.877.914.033;51.174.254.918;;
133;;Amprion;Station_Knapsack;;substation;380.0;380000;110000;SRID=4326;POINT(6.8426506615144_50.8635385008881);684.265.066.151;508.635.385.009;;
134;;RWE;Station_Brauweiler;;substation;220.0;220000;110000;SRID=4326;POINT(6.80461158012622_50.9662452961379);680.461.158.013;509.662.452.961;;
135;;Amprion;Station_Unna;;substation;380.0;380000;110000;SRID=4326;POINT(7.7186272145384_51.5342075115271);771.862.721.454;515.342.075.115;;
136;;Trianel;Geithe;;substation;380.0;380000;;SRID=4326;POINT(7.93077008561427_51.6729710197069);793.077.008.561;516.729.710.197;;
137;;RWE;Station_Pfalzdorf;;substation;220.0;220000;110000;SRID=4326;POINT(6.22183144595687_51.6946456422206);622.183.144.596;516.946.456.422;;
138;;;Kraftwerk_Scholven;;generator;380.0;;;SRID=4326;POINT(7.00674987859998_51.5999114220203);70.067.498.786;51.599.911.422;;
139;;RWE;Station_Bergmannsglueck;;substation;220.0;220000;110000;SRID=4326;POINT(7.03761988504233_51.5985496311832);703.761.988.504;515.985.496.312;;
140;50;Amprion;Station_Poeppinghausen;;substation;220.0;220000;110000;SRID=4326;POINT(7.2640834625924_51.5735734103802);726.408.346.259;515.735.734.104;;
141;50;Amprion;Station_Laer;;substation;220.0;220000;110000;SRID=4326;POINT(7.2789471130269_51.4722816773138);727.894.711.303;514.722.816.773;;
142;;Evonik_Industries_AG;Kraftwerk_Herne_Baukau;;generator;220.0;;;SRID=4326;POINT(7.18667755311932_51.550589070577);718.667.755.312;515.505.890.706;;
143;;E.On_Kraftwerke_GmbH;Kraftwerk_Knepper;;generator;380.0;;;SRID=4326;POINT(7.35135784054859_51.568368608134);735.135.784.055;515.683.686.081;;
144;;Amprion;Station_Bochum;;substation;220.0;220000;110000;SRID=4326;POINT(7.17937912538938_51.4722019484347);717.937.912.539;514.722.019.484;;
145;50;RheinEnergie;UW_Fuehlingen;;substation;220.0;220000;110000;SRID=4326;POINT(6.93488869659333_51.0335223350589);693.488.869.659;510.335.223.351;;
146;50;;Station_Reisholz;;substation;220.0;220000;110000;SRID=4326;POINT(6.82813596908193_51.1626762413706);682.813.596.908;511.626.762.414;;
147;;markE;Umspannwerk_Garenfeld;;substation;220.0;220000;110000;SRID=4326;POINT(7.50597329671546_51.401592550355);750.597.329.672;514.015.925.504;;
148;50;RWE;Stadtwerke_Duesseldorf;Station_Eller;substation;220.0;220000;110000;SRID=4326;POINT(6.84699931064759_51.2055917698058);684.699.931.065;512.055.917.698;;
149;;RWE;Station_Siegburg;;substation;220.0;220000;110000;SRID=4326;POINT(7.19316578267403_50.798335064694);719.316.578.267;507.983.350.647;;
150;50;RWE;Station_Gremberghoven;;substation;220.0;220000;110000;SRID=4326;POINT(7.0473845241055_50.9055286094924);704.738.452.411;509.055.286.095;;
151;;Amprion;Station_Gohrpunkt;;substation;220.0;220000;110000;SRID=4326;POINT(6.70967369516713_51.0909407427733);670.967.369.517;510.909.407.428;;
152;50;RWE;Station_Meckenheim;;substation;220.0;220000;110000;SRID=4326;POINT(7.01293742640329_50.6176584938251);70.129.374.264;506.176.584.938;;
153;50;RWE;Station_Duelken;;substation;220.0;380000;220000;SRID=4326;POINT(6.33006858948983_51.2429161503794);633.006.858.949;512.429.161.504;;
154;50;;Station_Duennwald;;substation;220.0;220000;;SRID=4326;POINT(7.0235444991641_50.999068409611);702.354.449.916;509.990.684.096;;
155;50;Amprion;Umspannwerk_Bixterheide;;substation;220.0;220000;110000;SRID=4326;POINT(7.72438401522458_51.4093341305984);772.438.401.522;514.093.341.306;;
156;;;Kraftwerkschaltanlage_Knapsack_1;;substation;380.0;380000;220000;SRID=4326;POINT(6.84223115147656_50.8598647243573);684.223.115.148;508.598.647.244;;
157;50;Amprion;Station_Guetersloh;;substation;380.0;380000;220000;SRID=4326;POINT(8.364229530696_51.9271204904611);83.642.295.307;519.271.204.905;;
158;50;RWE;Station_Hambach;;substation;380.0;380000;;SRID=4326;POINT(6.48812326381716_50.8810703125704);648.812.326.382;508.810.703.126;;
159;50;TenneT;Conneforde;CONN;substation;380.0;380000;220000;SRID=4326;POINT(8.05408735442182_53.3323026933898);805.408.735.442;533.323.026.934;;
160;50;EON_Netz;Kernkraftwerk_Unterweser;;substation;380.0;380000;220000;SRID=4326;POINT(8.47791063608626_53.428485468955);847.791.063.609;53.428.485.469;;
161;50;TenneT;EON_NetzConneforde_110/220_kVCONN;;substation;220.0;220000;110000;SRID=4326;POINT(8.05283751634017_53.3338809598955);805.283.751.634;533.338.809.599;;
162;50;;Bocklemuend;;substation;220.0;220000;110000;SRID=4326;POINT(6.85153113794826_50.9841704680083);685.153.113.795;50.984.170.468;;
163;50;Amprion;Station_Paffendorf;;substation;380.0;380000;110000;SRID=4326;POINT(6.59601979462215_50.9525274624278);659.601.979.462;509.525.274.624;;
164;50;16.7;E.ONSchaltanlage_Datteln_4;;substation;380.0;380000;110000;SRID=4326;POINT(7.33861258614081_51.6319781250427);733.861.258.614;51.631.978.125;;
165;50;Amprion;Station_Gersteinwerk;;substation;380.0;380000;220000;SRID=4326;POINT(7.70831848872651_51.6762033088437);770.831.848.873;516.762.033.088;;
166;;RWE;_evonikKraftwerk_Bergkamen;;generator;380.0;;;SRID=4326;POINT(7.61702099509812_51.6371337640588);76.170.209.951;516.371.337.641;;
167;50;Ampirion;Station_Wambel;;substation;220.0;220000;110000;SRID=4326;POINT(7.52228010104186_51.5321980552231);752.228.010.104;515.321.980.552;;
168;50;RWE;_ELEStation_Nordlicht;;substation;380.0;380000;110000;SRID=4326;POINT(6.90660779028721_51.5652424465435);690.660.779.029;515.652.424.465;;
169;50;;LMG;;substation;220.0;220000;;SRID=4326;POINT(6.96734393053748_51.4908618864265);696.734.393.054;514.908.618.864;;
170;50;;Styrum;;substation;220.0;220000;110000;SRID=4326;POINT(6.87287359352087_51.4457833372124);687.287.359.352;514.457.833.372;;
171;;RWE;Station_Selbeck;;substation;220.0;220000;110000;SRID=4326;POINT(6.86804496307922_51.3744747805902);686.804.496.308;513.744.747.806;;
172;50;Amprion;Station_Hamborn;;substation;220.0;220000;110000;SRID=4326;POINT(6.78752251671348_51.505550100013);678.752.251.671;515.055.501;;
173;50;RWE;Station_Osterath;;substation;380.0;380000;;SRID=4326;POINT(6.62284323546559_51.258713368098);662.284.323.547;512.587.133.681;;
174;50;Amprion;Station_Handbach;;substation;220.0;220000;110000;SRID=4326;POINT(6.81216588075166_51.5196200118095);681.216.588.075;515.196.200.118;;
175;;Amprion;Station_Rheinhausen;;substation;220.0;220000;;SRID=4326;POINT(6.72031000055597_51.3915325380171);672.031.000.056;51.391.532.538;;
176;50;;Station_Edelstahl_Krefeld;;substation;220.0;220000;110000;SRID=4326;POINT(6.54240844257145_51.2994458149911);654.240.844.257;51.299.445.815;;
177;;50Hertz_Transmission_GmbH;E.ON_edis_AG;;substation;220.0;220000;110000;SRID=4326;POINT(13.0786421047586_54.2848461697305);130.786.421.048;542.848.461.697;;
178;50;RWE;Setzer_Wiese;;substation;220.0;220000;SRID=4326;POINT(8.02029033797883_50.9236168949394);802.029.033.798;509.236.168.949;;;
179;;50Hertz_Transmission_GmbH;Bertikow;;substation;220.0;380000;220000;SRID=4326;POINT(13.9570055475871_53.252171625753);139.570.055.476;532.521.716.258;;
180;50;50Hertz_Transmission_GmbH;Vierraden;;substation;220.0;220000;110000;SRID=4326;POINT(14.270834670665_53.0962865535819);142.708.346.707;530.962.865.536;;
181;;50Hertz_Transmission_GmbH;E.ON_edis_AG;;substation;220.0;220000;110000;SRID=4326;POINT(14.0336963684666_53.5078685980791);140.336.963.685;535.078.685.981;;
182;;PSE_Operator;"Stacja_elektroenergetyczna_""Krajnik""_400/220_kV";;substation;220.0;400000;220000;SRID=4326;POINT(14.4762521006827_53.1967495480613);144.762.521.007;531.967.495.481;;
183;50;50Hertz_Transmission;Stromnetz_Hamburg_GmbHUmspannwerk_Hamburg/Sued;;substation;380.0;380000;110000;SRID=4326;POINT(9.90884752815356_53.4880466403676);990.884.752.815;534.880.466.404;;
184;50;Amprion;Station_Utfort;;substation;380.0;380000;220000;110000;SRID=4326;POINT(6.61738109142906_51.4757909635544);661.738.109.143;514.757.909.636;
185;50;;Uerdingen;;substation;220.0;220000;110000;SRID=4326;POINT(6.65673519501182_51.379523634379);665.673.519.501;513.795.236.344;;
186;50;Amprion;Walsum_Block_10;;substation;380.0;380000;SRID=4326;POINT(6.7111452744645_51.5261875490663);671.114.527.446;515.261.875.491;;;
187;;Amprion;Station_Zensenbusch;;substation;380.0;380000;SRID=4326;POINT(6.68934277038931_51.5764228881728);668.934.277.039;515.764.228.882;;;
188;;;Kraftwerk_Huckingen;;generator;220.0;;SRID=4326;POINT(6.72365237186396_51.375845810902);672.365.237.186;513.758.458.109;;;
189;50;;Umspannwerk_Trossingen;TRSNG;substation;380.0;380000;110000;SRID=4326;POINT(8.61664767275337_48.0659537906797);861.664.767.275;480.659.537.907;;
190;50;EnBW;EnBW_Umspannwerk_Engstlatt;ENGST;substation;380.0;380000;SRID=4326;POINT(8.87294280487974_48.3100912582216);887.294.280.488;483.100.912.582;;;
191;50;Amprion;Station_Walsum;;substation;380.0;220000;110000;SRID=4326;POINT(6.71525259691926_51.5267908666491);671.525.259.692;515.267.908.666;;
192;;EON_edis;Guestrow;;substation;220.0;220000;110000;SRID=4326;POINT(12.1857651811846_53.8108597989599);121.857.651.812;53.810.859.799;;
193;50;;Station_Beeck;;substation;220.0;380000;220000;110000;SRID=4326;POINT(6.72256980950278_51.4797876727124);67.225.698.095;514.797.876.727;
194;;evonik;Kraftwerk_Voerde;;generator;380.0;;SRID=4326;POINT(6.68306568260248_51.577104777735);66.830.656.826;515.771.047.777;;;
195;;;Station_Moellen;;substation;380.0;220000;SRID=4326;POINT(6.68310697663871_51.5756455059265);668.310.697.664;515.756.455.059;;;
196;;;;;substation;220.0;220000;SRID=4326;POINT(6.74541676675317_51.4986419480434);674.541.676.675;51.498.641.948;;;
197;50;;Spellen;;substation;220.0;220000;110000;SRID=4326;POINT(6.61427855504049_51.6186788033284);661.427.855.504;516.186.788.033;;
198;50;;;;substation;380.0;380000;SRID=4326;POINT(7.9706568937083_51.6768446667846);797.065.689.371;516.768.446.668;;;
199;;Amprion;Station_Elmenhorst;;substation;220.0;220000;110000;SRID=4326;POINT(7.44506930371379_51.6185000869374);744.506.930.371;516.185.000.869;;
200;50;Amprion;Station_Ruhrort;;substation;220.0;220000;110000;SRID=4326;POINT(6.73212495035583_51.4594437365975);673.212.495.036;514.594.437.366;;
201;50;EON_Netz;Sottrum;;substation;380.0;380000;220000;110000;SRID=4326;POINT(9.25103425143703_53.1144323051271);925.103.425.144;531.144.323.051;
202;;KKW_Lippe-Ems;Kernkraftwerk_Emsland;KKE;plant;380.0;;SRID=4326;POINT(7.32089257541703_52.4714572265383);732.089.257.542;524.714.572.265;;;
203;;TenneT;380kV_Hengelo;;substation;380.0;380000;SRID=4326;POINT(6.75917485282445_52.2488578798871);675.917.485.282;522.488.578.799;;;
204;;markE;Elverlingsen;;substation;220.0;220000;110000;SRID=4326;POINT(7.70632726933662_51.278583155205);770.632.726.934;512.785.831.552;;
205;;RWE_Power_AG;Koepchenwerk;;plant;220.0;;SRID=4326;POINT(7.45034204531003_51.413608212821);745.034.204.531;514.136.082.128;;;
206;;;RWE_Kraftwerk_Neurath_BoA_Bl._F/G;;plant;380.0;;SRID=4326;POINT(6.63448162267058_51.0359799381303);663.448.162.267;510.359.799.381;;;
207;50;Amprion;Amelsbueren;;substation;220.0;220000;SRID=4326;POINT(7.60711612154456_51.8986046029193);760.711.612.154;518.986.046.029;;;
208;50;RWE;Station_Lippe;;substation;380.0;380000;SRID=4326;POINT(7.4035444340631_51.644449487967);740.354.443.406;51.644.449.488;;;
209;50;TenneT_TSO_GmbH;Schaltanlage_Ovenstaedt;3018;substation;380.0;380000;SRID=4326;POINT(8.93969252741257_52.4030332405173);893.969.252.741;524.030.332.405;;;
210;;Gemeinschaftskernkraftwerk_Grohnde_GmbH_&_Co._oHG;Kernkraftwerk_Grohnde;KWG;plant;380.0;;SRID=4326;POINT(9.40952032742215_52.034316665873);940.952.032.742;520.343.166.659;;;
211;50;Amprion;Mittelbexbach;;substation;380.0;380000;SRID=4326;POINT(7.23579344536789_49.3693923629482);723.579.344.537;493.693.923.629;;;
212;50;Amprion;_Westnetz;Station_Osburg;substation;380.0;380000;110000;SRID=4326;POINT(6.81368431456473_49.7248340737293);681.368.431.456;497.248.340.737;;
213;50;RWE;Umspannanlage_Pfungstadt;;substation;220.0;220000;110000;SRID=4326;POINT(8.58869049603326_49.8155140579794);858.869.049.603;49.815.514.058;;
214;50;Net;Station_Rheinau;;substation;220.0;220000;110000;SRID=4326;POINT(8.5471609252134_49.4405396661002);854.716.092.521;494.405.396.661;;
215;50;;BASF;;substation;220.0;220000;SRID=4326;POINT(8.40826973550855_49.5285689245626);840.826.973.551;495.285.689.246;;;
216;50;Amprion;Umspannstation_Hoheneck_Amprion;;substation;380.0;380000;220000;110000;SRID=4326;POINT(9.1907874369222_48.914416873799);919.078.743.692;489.144.168.738;
217;50;;Kraftwerk_Rostock;;generator;380.0;;SRID=4326;POINT(12.1320699705054_54.14245987564);121.320.699.705;541.424.598.756;;;
218;;E.ON_edis_AG;Bentwisch;;substation;220.0;220000;110000;SRID=4326;POINT(12.2135605440795_54.1119998545154);122.135.605.441;541.119.998.545;;
219;50;TenneT;Eickum;;substation;380.0;380000;110000;SRID=4326;POINT(8.5712588278729_52.1053649602273);857.125.882.787;521.053.649.602;;
220;50;TenneT;Umspannwerk_Bechterdissen;;substation;380.0;380000;220000;110000;SRID=4326;POINT(8.65937290290079_51.9996101318907);86.593.729.029;519.996.101.319;
221;50;0;TenneTEON_Netz;Diele;substation;380.0;380000;150000;110000;SRID=4326;POINT(7.31136229105814_53.1257665563186);731.136.229.106;531.257.665.563;
222;;TenneT;380kV_Meeden;;substation;380.0;380000;220000;SRID=4326;POINT(6.94948397153705_53.1235378223082);694.948.397.154;531.235.378.223;;
223;50;Pfalzwerke_AG;Umspannwerk_Maximiliansau;;substation;220.0;220000;110000;SRID=4326;POINT(8.27327814618118_49.0293980916396);827.327.814.618;490.293.980.916;;
224;50;Pfalzwerke;Netzleitstelle_Mutterstadt;;substation;220.0;220000;110000;SRID=4326;POINT(8.3523338799966_49.4212743386606);835.233.388;494.212.743.387;;
225;50;Amprion;Otterbach;;substation;220.0;220000;110000;SRID=4326;POINT(7.72920197913641_49.4826474297682);772.920.197.914;494.826.474.298;;
226;50;TenneT;EON_Netz;Godenau;substation;220.0;220000;110000;SRID=4326;POINT(9.79733602695253_52.0008392513306);979.733.602.695;520.008.392.513;;
227;50;Ampirion;Voehringen_Amprion;;substation;380.0;380000;SRID=4326;POINT(10.0821573264928_48.2660901578788);100.821.573.265;482.660.901.579;;;
228;50;;Umspannwerk_Weinheim;;substation;220.0;220000;110000;SRID=4326;POINT(8.62716125806072_49.5435952670263);862.716.125.806;49.543.595.267;;
229;;;Mannheim;;substation;220.0;220000;110000;SRID=4326;POINT(8.50180851652818_49.4449115114399);850.180.851.653;494.449.115.114;;
230;;Amprion;Umspannwerk_Gundelfingen;;substation;380.0;380000;SRID=4326;POINT(10.391776056934_48.5184609117668);103.917.760.569;485.184.609.118;;;
231;50;Schluchseewerk_AG;Lastverteilung/Schaltanlage_Kuehmoos;;substation;380.0;380000;220000;SRID=4326;POINT(7.95805402328778_47.5954722640613);795.805.402.329;475.954.722.641;;
232;50;LEW;Voehringen_LEW;Station_Nr._625;substation;380.0;380000;220000;110000;SRID=4326;POINT(10.0837512706734_48.268867515302);100.837.512.707;482.688.675.153;
233;50;EnBW;Umspannwerk_Dellmensingen;;substation;380.0;380000;220000;110000;SRID=4326;POINT(9.88551509756969_48.3040743584705);988.551.509.757;483.040.743.585;
234;50;;Umspannwerk_Stockach;;substation;220.0;220000;110000;SRID=4326;POINT(9.01340238045655_47.8453486310857);901.340.238.046;478.453.486.311;;
235;50;EnBW;Umspannwerk_Gurtweil;;substation;220.0;220000;110000;SRID=4326;POINT(8.25192548128222_47.6397698264894);825.192.548.128;476.397.698.265;;
236;50;EnBW;Umspannwerk_Hoheneck_EnBW;;substation;380.0;220000;110000;SRID=4326;POINT(9.19675652645089_48.9129634380259);919.675.652.645;48.912.963.438;;
237;;;Heisdorf;;substation;220.0;220000;65000;SRID=4326;POINT(6.13981113770544_49.6686086456422);613.981.113.771;496.686.086.456;;
238;50;Amprion;Station_Trier;;substation;220.0;220000;SRID=4326;POINT(6.62053556843084_49.7489386710632);662.053.556.843;497.489.386.711;;;
239;50;Amprion;_Westnetz;Station_Quint;substation;220.0;220000;110000;SRID=4326;POINT(6.70228540768092_49.8289944201161);670.228.540.768;498.289.944.201;;
240;50;Suewag;Station_Kelsterbach;;substation;220.0;220000;SRID=4326;POINT(8.53151493939883_50.047874332134);85.315.149.394;500.478.743.321;;;
241;50;Amprion;Umspannwerk_Kriftel;;substation;380.0;380000;110000;SRID=4326;POINT(8.4713716330449_50.0972077427754);847.137.163.304;500.972.077.428;;
242;;"Amprion;_Suewag";Station_Limburg;;substation;380.0;380000;110000;SRID=4326;POINT(8.06573796639762_50.4060681118621);80.657.379.664;504.060.681.119;;
245;50;Amprion;Karlstein;;substation;380.0;380000;110000;SRID=4326;POINT(8.98953614977701_50.0602550608281);898.953.614.978;500.602.550.608;;
246;50;TenneT;Umspannwerk_Grosskrotzenburg;;substation;380.0;380000;220000;SRID=4326;POINT(8.95870856177306_50.0826078105489);895.870.856.177;500.826.078.105;;
247;50;Amprion;Schaltanlage_Leupolz;;substation;380.0;380000;220000;SRID=4326;POINT(10.363384232266_47.7383368092793);103.633.842.323;477.383.368.093;;
248;;Trianel;Trianel_Kraftwerk_Luenen;;generator;380.0;;SRID=4326;POINT(7.46150025901999_51.6146143079042);746.150.025.902;516.146.143.079;;;
249;;;Gersteinwerk_Block_K;;generator;380.0;;SRID=4326;POINT(7.71823231962748_51.6743422007117);771.823.231.963;516.743.422.007;;;
250;;;Gersteinwerk_Block_F;;generator;380.0;;SRID=4326;POINT(7.71554341949648_51.6736430744508);77.155.434.195;516.736.430.745;;;
251;;;Gersteinwerk_Block_G;;generator;380.0;;SRID=4326;POINT(7.71459453349968_51.6730996381138);77.145.945.335;516.730.996.381;;;
252;;;Gersteinwerk_Block_I;;generator;380.0;;SRID=4326;POINT(7.71270093431027_51.672663662233);771.270.093.431;516.726.636.622;;;
253;50;Amprion;Station_Lippborg;;substation;380.0;380000;110000;SRID=4326;POINT(7.98122159643085_51.6735262619046);798.122.159.643;516.735.262.619;;
254;50;;Niederhausen;;substation;220.0;220000;110000;SRID=4326;POINT(7.79256714933307_49.8105487811028);779.256.714.933;498.105.487.811;;
255;;Amprion;_Westnetz;Station_Wengerohr;substation;220.0;220000;110000;SRID=4326;POINT(6.92013045452502_49.9705818904706);692.013.045.453;499.705.818.905;;
256;50;VSE;Dieffeln;;substation;220.0;220000;SRID=4326;POINT(6.75552340556687_49.3648695914696);675.552.340.557;493.648.695.915;;;
257;;RWE;Kernkraftwerk_Biblis;;plant;380.0;;SRID=4326;POINT(8.41467459584413_49.7091468139245);841.467.459.584;497.091.468.139;;;
258;50;TenneT;AVACON;Umspannwerk_Rosdorf;substation;220.0;220000;110000;SRID=4326;POINT(9.88280429847019_51.5155074976724);988.280.429.847;515.155.074.977;;
259;50;TenneT;EON_Netz;Hardegsen;substation;220.0;220000;110000;SRID=4326;POINT(9.85139357253472_51.6491352399809);985.139.357.253;5.164.913.524;;
260;50;EnBW;EnBW_Umspannwerk_Oberjettingen;OBJTT;substation;380.0;380000;110000;SRID=4326;POINT(8.78579302528601_48.5837674015328);878.579.302.529;485.837.674.015;;
261;50;EnBW_Transportnetze_AG;380kV-Umspannwerk_Pulverdingen;;substation;380.0;380000;220000;110000;SRID=4326;POINT(9.0454349679866_48.9029620137561);904.543.496.799;489.029.620.138;
262;50;;Umspannwerk_Obermooweiler;;substation;380.0;380000;SRID=4326;POINT(9.8013171668981_47.6525043240978);98.013.171.669;476.525.043.241;;;
263;;Vorarlberger_Illwerke_AG;Umspannwerk_Buers;;substation;380.0;380000;220000;SRID=4326;POINT(9.81091689214732_47.142645296653);981.091.689.215;471.426.452.967;;
264;;EnBW;Umspannwerk_Herbertingen;;substation;380.0;380000;220000;110000;SRID=4326;POINT(9.42551238607291_48.0643507981263);942.551.238.607;480.643.507.981;
265;50;Amprion;Station_Luestringen;;substation;220.0;220000;110000;SRID=4326;POINT(8.10495957410199_52.2642613740358);81.049.595.741;52.264.261.374;;
266;;"Tennet_TSO_GmbH;_E.ON_Netz_GmbH";Umspannwerk_Marienberg;;substation;220.0;220000;SRID=4326;POINT(12.1301906295374_47.9131654820025);121.301.906.295;47.913.165.482;;;
267;50;RWE;Station_Sankt_Peter_220_kV;;substation;380.0;220000;110000;SRID=4326;POINT(6.8018236570969_51.1247880606241);68.018.236.571;511.247.880.606;;
268;50;Amprion;Station_Eiserfeld;;substation;220.0;220000;110000;SRID=4326;POINT(7.98506745761923_50.8422254447013);798.506.745.762;508.422.254.447;;
269;50;e.on;Mitte_AG;Dillenburg;substation;380.0;380000;110000;SRID=4326;POINT(8.284861778672_50.7590735194915);828.486.177.867;507.590.735.195;;
270;50;TenneT;EON_Netz;Emden-Borssum;substation;220.0;220000;110000;SRID=4326;POINT(7.22423842685352_53.3499271468647);722.423.842.685;533.499.271.469;;
271;;;Umspannwerk_Kraftwerk_Emden;EMDE;substation;220.0;220000;110000;SRID=4326;POINT(7.20605284001418_53.3413192541639);720.605.284.001;533.413.192.542;;
272;50;TenneT;Flensburg;FLEN;substation;380.0;380000;220000;110000;20000;SRID=4326;POINT(9.31819523638713_54.7160494089748);931.819.523.639;54.716.049.409
273;;Energinet.dk;400_kV_Kassa;KAS;substation;220.0;400000;220000;150000;SRID=4326;POINT(9.27063390877085_55.0370264816237);927.063.390.877;550.370.264.816;
274;;;150_kV_Enstedv;;substation;220.0;220000;150000;60000;SRID=4326;POINT(9.43342930362242_55.0187229179606);943.342.930.362;55.018.722.918;
275;;;;;substation;220.0;220000;SRID=4326;POINT(7.43348911422107_50.4365195361077);743.348.911.422;504.365.195.361;;;
276;;RWE;Station_Koblenz;;substation;380.0;380000;110000;SRID=4326;POINT(7.59330184856855_50.3859437917469);759.330.184.857;503.859.437.917;;
277;50;;Atlantic;;substation;220.0;220000;SRID=4326;POINT(8.12215702005755_53.5658323292485);812.215.702.006;535.658.323.292;;;
278;50;50Hertz_Transmission;Magdeburg_(50Hertz);;substation;220.0;220000;110000;SRID=4326;POINT(11.5615074728142_52.1238924527264);115.615.074.728;521.238.924.527;;
279;50;50Hertz;Umspannwerk_Roehrsdorf;ROE;substation;380.0;380000;220000;110000;SRID=4326;POINT(12.8139099116529_50.8579185114397);128.139.099.117;508.579.185.114;
280;50;50Hertz;Umspannwerk_Streumen;STR;substation;380.0;380000;110000;SRID=4326;POINT(13.3823233828996_51.3559961579888);133.823.233.829;51.355.996.158;;
281;;50Hertz;Umspannwerk_Weida;;substation;380.0;380000;220000;110000;SRID=4326;POINT(12.0449825161601_50.7812567340735);120.449.825.162;507.812.567.341;
282;50;50Hertz_Transmission;Eula;;substation;380.0;380000;220000;110000;SRID=4326;POINT(12.5182220968156_51.1570725850832);125.182.220.968;511.570.725.851;
283;;E.ON_Mitte_AG;Umspannwerk_Asslar;;substation;380.0;380000;110000;SRID=4326;POINT(8.48009523461158_50.5909204313802);848.009.523.461;505.909.204.314;;
284;50;;Umspannwerk_Giessen_Nord;;substation;380.0;380000;110000;SRID=4326;POINT(8.65659923594081_50.6055491256016);865.659.923.594;506.055.491.256;;
285;50;TenneT;Cloppenburg_220_kV;;substation;220.0;220000;SRID=4326;POINT(8.08162670615254_52.858637484526);808.162.670.615;528.586.374.845;;;
286;50;TenneT;Sandershausen;;substation;220.0;220000;110000;SRID=4326;POINT(9.56710201161841_51.3252573276817);956.710.201.162;513.252.573.277;;
287;;;Kraftwerkschaltanlage_Ibbenbueren;;substation;220.0;220000;SRID=4326;POINT(7.74679248425685_52.2885115081219);774.679.248.426;522.885.115.081;;;
288;50;EnBW;Umspannwerk_Weier;;substation;220.0;220000;110000;SRID=4326;POINT(7.91072928612534_48.5012882982432);791.072.928.613;485.012.882.982;;
289;50;Amprion;Station_Ibbenbueren;;substation;220.0;220000;110000;SRID=4326;POINT(7.7257063478071_52.2771949017405);772.570.634.781;522.771.949.017;;
290;;50Hertz;ENSO;Umspannwerk_Schmoelln;substation;380.0;380000;110000;SRID=4326;POINT(14.2192282929357_51.120707992198);142.192.282.929;511.207.079.922;;
291;;Vattenfall_Europe;Kraftwerk_Boxberg;;generator;380.0;;SRID=4326;POINT(14.5700865498873_51.4190136844256);145.700.865.499;514.190.136.844;;;
292;50;50Hertz;Umspannwerk_Foerderstedt;MD_38;substation;380.0;220000;110000;SRID=4326;POINT(11.6441811001256_51.908512873438);116.441.811.001;519.085.128.734;;
293;50;;Pumpspeicherkraftwerk_Hohenwarte_II;;plant;220.0;220000;SRID=4326;POINT(11.4746908222742_50.6040154814218);114.746.908.223;506.040.154.814;;;
294;50;50Hertz;Umspannwerk_Altenfeld;;substation;380.0;380000;110000;SRID=4326;POINT(10.9910146333086_50.573526990181);109.910.146.333;505.735.269.902;;
295;;EON_Netz;Umspannwerk_Braunschweig_Nord;;substation;220.0;220000;SRID=4326;POINT(10.5054991208047_52.3018379056382);105.054.991.208;523.018.379.056;;;
296;;Statkraft_Germany;Kraftwerk_Robert_Frank;;plant;380.0;;SRID=4326;POINT(9.11362795987411_52.5457924749284);911.362.795.987;525.457.924.749;;;
297;50;TenneT;EON_Netz;Salzgitter-Hallendorf;substation;220.0;220000;110000;SRID=4326;POINT(10.3692300485918_52.1670924338554);103.692.300.486;521.670.924.339;;
298;;TenneT;Gleidingen_220_kV;;substation;220.0;220000;SRID=4326;POINT(10.4195406346214_52.2369606619834);104.195.406.346;52.236.960.662;;;
299;;;Mehrum_(220_kV);;substation;220.0;220000;110000;SRID=4326;POINT(10.0876467999739_52.3151305547947);100.876.468;523.151.305.548;;
300;50;Amprion;Station_Sankt_Huelfe;;substation;220.0;220000;110000;SRID=4326;POINT(8.40314143640892_52.609644011383);840.314.143.641;526.096.440.114;;
301;50;;Klein_Ilsede;U4;substation;380.0;380000;110000;SRID=4326;POINT(10.2358631058452_52.2934595399896);102.358.631.058;5.229.345.954;;
302;;TenneT;Umspannwerk_Bergshausen;;substation;380.0;380000;110000;SRID=4326;POINT(9.5142400914841_51.2590355805955);951.424.009.148;512.590.355.806;;
303;;;Umspannanlage_Wuergassen;;substation;380.0;380000;220000;110000;SRID=4326;POINT(9.38765125748855_51.640733525594);938.765.125.749;516.407.335.256;
304;50;Tennet;UW_Dipperz;;substation;380.0;380000;110000;SRID=4326;POINT(9.77415043834156_50.5287496465011);977.415.043.834;505.287.496.465;;
305;50;16.7;DB_Energie;Umrichterwerk_Neckarwestheim;substation;380.0;380000;110000;SRID=4326;POINT(9.17745967557079_49.037809850476);917.745.967.557;490.378.098.505;;
306;;;Gemeinschaftskraftwerk_Neckarwestheim_2;;substation;380.0;380000;SRID=4326;POINT(9.17731110343941_49.039378200434);917.731.110.344;490.393.782.004;;;
307;;;380-kV-Umspannwerk_Grossgartach;;substation;380.0;380000;220000;110000;SRID=4326;POINT(9.15135394990856_49.1433834119236);915.135.394.991;491.433.834.119;
308;;;Grafenrheinfeld;GR;substation;380.0;380000;SRID=4326;POINT(10.1878339995516_49.981219040845);101.878.339.996;499.812.190.408;;;
309;50;EnBW;Umspannwerk_Hoepfingen;;substation;380.0;380000;110000;SRID=4326;POINT(9.44691867105201_49.5902629324336);944.691.867.105;495.902.629.324;;
310;;;Heizkraftwerk_Heilbronn;;generator;380.0;;SRID=4326;POINT(9.20736443093694_49.1766379540065);920.736.443.094;49.176.637.954;;;
311;50;EnBW;Umspannwerk_Kupferzell;;substation;380.0;380000;110000;SRID=4326;POINT(9.69465635518013_49.2325925411591);969.465.635.518;492.325.925.412;;
312;50;EnBW;Umspannwerk_Goldshoefe;;substation;380.0;380000;220000;110000;SRID=4326;POINT(10.1174866946797_48.8971053361382);101.174.866.947;488.971.053.361;
313;;50_Hertz_Transmission;Stadtwerke_Leipzig;Pulgar;substation;380.0;380000;110000;SRID=4326;POINT(12.3374229103144_51.1969683571228);123.374.229.103;511.969.683.571;;
314;;Net;Station_Meitingen;;substation;380.0;380000;SRID=4326;POINT(10.8675658805484_48.5394690937344);108.675.658.805;485.394.690.937;;;
315;50;Lech-Elektrizitaetswerke;Umspannwerk_Oberottmarshausen;173A;substation;380.0;380000;220000;110000;SRID=4326;POINT(10.8408695619217_48.2380310092335);108.408.695.619;482.380.310.092;
316;50;Lechwerke;Stadtwerke_Augsburg;Umspannwerk_Lechhausen;substation;380.0;380000;110000;SRID=4326;POINT(10.9367289314287_48.4013064414835);109.367.289.314;484.013.064.415;;
317;50;Austrian_Power_Grid_AG;APG_Umspannwerk_Westtirol;;substation;380.0;380000;220000;110000;SRID=4326;POINT(10.8739357569814_47.2444239286028);10.873.935.757;472.444.239.286;
318;;Elektrizitaetswerke_Augsburg;Umspannwerk_Meitingen;122_U;substation;380.0;380000;110000;SRID=4326;POINT(10.8637616199498_48.5468231051405);108.637.616.199;485.468.231.051;;
319;50;EnBW;EnBW_Umspannwerk_Laichingen;;substation;380.0;380000;110000;SRID=4326;POINT(9.70423149899321_48.465063732143);970.423.149.899;484.650.637.321;;
320;;;EnBW_Umspannwerk_Wendlingen;;substation;380.0;380000;220000;110000;SRID=4326;POINT(9.40063139462492_48.6669424396984);940.063.139.462;486.669.424.397;
321;;;Poste_ectrique_de_Vogelgrun;;substation;220.0;400000;SRID=4326;POINT(7.5724373132812_48.0188749889275);757.243.731.328;480.188.749.889;;;
322;50;EnBW;220-kV-Umspannwerk_Eichstetten;;substation;380.0;220000;110000;SRID=4326;POINT(7.75186249820802_48.0964057188536);775.186.249.821;480.964.057.189;;
323;50;;Crossen;;substation;220.0;220000;110000;SRID=4326;POINT(12.4772465232803_50.7531200813148);124.772.465.233;507.531.200.813;;
324;50;50Hertz;Umspannwerk_Hagenwerder;HGW;substation;380.0;380000;110000;SRID=4326;POINT(14.9464972856333_51.0625862159619);149.464.972.856;51.062.586.216;;
325;;PSE_Operator;"Stacja_elektroenergetyczna_""Mikuowa""_400/220/110_kV";MIK;substation;380.0;400000;220000;110000;SRID=4326;POINT(15.1149907448572_51.0905795559394);151.149.907.449;510.905.795.559;
326;50;Vattenfall;ENSO_Strom_AG;DREWAG;substation;380.0;380000;110000;SRID=4326;POINT(13.8412680841242_50.9901759359427);138.412.680.841;509.901.759.359;;
327;50;50Hertz_Transmission;Freiberg/Nord_(380_kV);;substation;380.0;380000;SRID=4326;POINT(13.255555023675_50.9301782416399);132.555.550.237;509.301.782.416;;;
328;;Austrian_Power_Grid_AG;Umspannwerk_St._Peter;;substation;220.0;;SRID=4326;POINT(13.0818771201792_48.2565212405017);130.818.771.202;482.565.212.405;;;
329;;"Tennet;_E.on_Netz";Umspannwerk_Simbach;;substation;220.0;220000;SRID=4326;POINT(13.0027821071279_48.261968265807);130.027.821.071;482.619.682.658;;;
330;50;"TenneT_TSO_GmbH;_E.ON_Netz_GmbH";Umspannwerk_Altheim;AHM;substation;220.0;220000;110000;SRID=4326;POINT(12.2208353620671_48.5857329876532);122.208.353.621;485.857.329.877;;
331;50;"TenneT_TSO_GmbH;_E.ON_Netz_GmbH";Umspannwerk_Pirach;PI;substation;220.0;220000;110000;SRID=4326;POINT(12.7474442277007_48.1487558434787);127.474.442.277;481.487.558.435;;
332;50;"TenneT_TSO_GmbH;_E.ON_Netz_GmbH";Umspannwerk_Pleinting;PT;substation;380.0;380000;220000;110000;SRID=4326;POINT(13.1034346393158_48.6667929606034);131.034.346.393;486.667.929.606;
333;50;TenneT;Umspannwerk_Jardelund;;substation;380.0;380000;110000;20000;SRID=4326;POINT(9.19698235871826_54.8510986052119);919.698.235.872;548.510.986.052;
334;;;Umspannwerk_Redwitz;RED;substation;380.0;380000;110000;SRID=4326;POINT(11.193727795361_50.1622144406172);111.937.277.954;501.622.144.406;;
335;;TenneT_TSO_GmbH;Umspannwerk_Oberhaid;OD;substation;380.0;380000;SRID=4326;POINT(10.8360157547717_49.9280673897058);108.360.157.548;499.280.673.897;;;
336;50;TenneT_TSO_GmbH;E.ON_Netz_GmbH;Umspannwerk_Mechlenreuth;substation;380.0;380000;220000;110000;SRID=4326;POINT(11.8107025453557_50.1837655260691);118.107.025.454;501.837.655.261;
337;;;Isar;IS;substation;380.0;380000;SRID=4326;POINT(12.2968837896062_48.6069099225677);122.968.837.896;486.069.099.226;;;
338;50;"TenneT_TSO_GmbH;_E.ON_Netz_GmbH";Schwandorf;SD;substation;380.0;380000;220000;110000;SRID=4326;POINT(12.0822544456506_49.2974477669261);120.822.544.457;492.974.477.669;
339;50;;Beerfelden;;substation;220.0;220000;110000;SRID=4326;POINT(8.95368121281126_49.5674431691125);895.368.121.281;495.674.431.691;;
340;50;50Hertz;enviaM;Umspannwerk_Taucha;substation;220.0;220000;110000;SRID=4326;POINT(12.4696440085589_51.3716629493371);124.696.440.086;513.716.629.493;;
341;50;50Hertz_Transmission;enviaM;Grossdalzig;substation;220.0;220000;110000;SRID=4326;POINT(12.2488239057592_51.1978824277899);122.488.239.058;511.978.824.278;;
342;50;50Hertz;Wolkramshausen_(220_kV);WK;substation;220.0;220000;SRID=4326;POINT(10.7346694298176_51.4401867580454);107.346.694.298;51.440.186.758;;;
343;50;;Pumpspeicherwerk_Goldisthal;;substation;380.0;380000;SRID=4326;POINT(11.0049169149012_50.5074149690608);110.049.169.149;505.074.149.691;;;
344;50;eins-Energie;Niederwiesa;Nws;substation;220.0;220000;110000;SRID=4326;POINT(13.0025898987886_50.8659127196838);130.025.898.988;508.659.127.197;;
345;50;50Hertz;enviaM;Umspannwerk_Herlasgruen;substation;220.0;220000;110000;SRID=4326;POINT(12.2428369226029_50.5674531670625);122.428.369.226;505.674.531.671;;
346;50;50Hertz;Umspannwerk_Reuter;;substation;380.0;380000;110000;SRID=4326;POINT(13.249028367237_52.5316238928337);132.490.283.672;525.316.238.928;;
347;50;50Hertz;Umspannwerk_Charlottenburg;;substation;380.0;380000;110000;SRID=4326;POINT(13.3155158513838_52.5219993683183);133.155.158.514;525.219.993.683;;
348;;50Hertz;Stromnetz_Berlin;Berlin/Mitte;substation;380.0;380000;110000;SRID=4326;POINT(13.3686584616208_52.5031422115792);133.686.584.616;525.031.422.116;;
349;;TenneT_TSO_GmbH;E.ON_Netz_GmbH;Umspannwerk_Sittling;substation;220.0;220000;110000;SRID=4326;POINT(11.7924138446413_48.8382240226632);117.924.138.446;488.382.240.227;;
350;50;TenneT_TSO_GmbH;E.ON_Netz_GmbH;Umspannwerk_Ludersheim;substation;220.0;220000;110000;SRID=4326;POINT(11.3269526751765_49.393473117636);113.269.526.752;493.934.731.176;;
351;50;;Ingolstadt;IN;substation;380.0;380000;220000;110000;SRID=4326;POINT(11.5077305510922_48.7611239877457);115.077.305.511;487.611.239.877;
352;;;Zolling_-_Irsching;ZOL;substation;220.0;220000;110000;SRID=4326;POINT(11.8076056361242_48.4554267991033);118.076.056.361;484.554.267.991;;
353;50;;Irsching;IRS;substation;380.0;380000;220000;110000;SRID=4326;POINT(11.5813705216127_48.7648940508515);115.813.705.216;487.648.940.509;
354;50;;Foehring;;substation;380.0;380000;110000;SRID=4326;POINT(11.6393121107521_48.1787834095237);116.393.121.108;481.787.834.095;;
355;;SEO;Vianden;;substation;220.0;220000;SRID=4326;POINT(6.17791451185192_49.9530650802033);617.791.451.185;499.530.650.802;;;
356;50;Amprion;SA_Bauler;;substation;220.0;220000;SRID=4326;POINT(6.21102031526762_49.9586257531557);621.102.031.527;499.586.257.532;;;
357;;;Flebour;;substation;220.0;220000;65000;SRID=4326;POINT(6.11451700702834_49.9053646588261);611.451.700.703;499.053.646.588;;
358;;;Roost;;substation;220.0;220000;65000;SRID=4326;POINT(6.08346044961418_49.7764406189112);608.346.044.961;497.764.406.189;;
359;;RTE;Poste_lectrique_de_Vigy;;substation;380.0;400000;225000;SRID=4326;POINT(6.27694178519793_49.1977400673896);62.769.417.852;491.977.400.674;;
360;50;;Umspannanlage_Ensdorf;;substation;380.0;380000;220000;110000;SRID=4326;POINT(6.77320783777607_49.2910742103854);677.320.783.778;492.910.742.104;
361;;RTE;Postelectrique_de_Saint-Avold;;substation;220.0;400000;225000;90000;SRID=4326;POINT(6.70365235663769_49.1385111923078);670.365.235.664;491.385.111.923;
362;50;;Laufenburg;;substation;380.0;380000;220000;SRID=4326;POINT(8.04936352422006_47.550881853478);804.936.352.422;475.508.818.535;;
363;50;;Ratsbusch;;substation;220.0;220000;SRID=4326;POINT(7.50006173413631_51.535174092458);750.006.173.414;515.351.740.925;;;
364;;;Station_Dhuennaue;;substation;220.0;220000;110000;SRID=4326;POINT(6.97593254033334_51.0376007284972);697.593.254.033;510.376.007.285;;
365;;;Heizkraftwerk_Reuter_West;;generator;380.0;;SRID=4326;POINT(13.2428489964032_52.5349539946502);132.428.489.964;525.349.539.947;;;
366;50;EnBW;TransnetBW;NetzeBW;substation;380.0;380000;110000;SRID=4326;POINT(8.56218193445384_49.132949935954);856.218.193.445;49.132.949.936;;
367;50;EnBW;Philippsburg_380_kV;;substation;380.0;380000;SRID=4326;POINT(8.4413154852023_49.2514026469585);84.413.154.852;49.251.402.647;;;
368;;;Kavernenkraftwerk_Wehr;;generator;380.0;;SRID=4326;POINT(7.94208128553147_47.6533415488354);794.208.128.553;476.533.415.488;;;
369;50;EON_Netz;Alfstedt;;substation;380.0;380000;110000;SRID=4326;POINT(9.06879105808819_53.5666414121342);906.879.105.809;535.666.414.121;;
370;50;;UA_Dillinger_Huette_Mitte;;substation;220.0;220000;SRID=4326;POINT(6.7413761724965_49.3574919373628);67.413.761.725;493.574.919.374;;;
371;50;Amprion;UA_Obergraben;;substation;220.0;220000;SRID=4326;POINT(6.74970009407096_49.3651763747607);674.970.009.407;493.651.763.748;;;
372;50;Amprion;Station_Saarwellingen;;substation;220.0;220000;110000;SRID=4326;POINT(6.76601564520935_49.3600771523749);676.601.564.521;493.600.771.524;;
373;;"TenneT_TSO_GmbH;_E.ON_Netz_GmbH";Umspannwerk_Regensburg;RE;substation;220.0;220000;SRID=4326;POINT(12.1504016214021_49.0127518128214);121.504.016.214;490.127.518.128;;;
374;50;RWE;Station_Muenster;;substation;220.0;220000;110000;SRID=4326;POINT(7.5913598406626_51.928441667004);759.135.984.066;51.928.441.667;;
375;50;;Karlsruhe-Rintheim;;substation;220.0;220000;110000;SRID=4326;POINT(8.45154437251894_49.0074029130057);845.154.437.252;49.007.402.913;;
376;50;;KW_Heyden;;substation;380.0;380000;SRID=4326;POINT(8.99620817966153_52.379587985752);899.620.817.966;523.795.879.858;;;
377;50;EnBW;EnBW_Umspannwerk_Buenzwangen;BZW;substation;380.0;380000;110000;SRID=4326;POINT(9.56282337410874_48.7014898200493);956.282.337.411;4.870.148.982;;
378;50;;EnBW_Umspannwerk_Altbach_1;;substation;380.0;380000;110000;SRID=4326;POINT(9.37084541589578_48.7191233300187);93.708.454.159;4.871.912.333;;
379;;Netze_BW;EnBW_Umspannwerk_Endersbach;;substation;380.0;380000;110000;SRID=4326;POINT(9.37760577643558_48.812606857093);937.760.577.644;488.126.068.571;;
380;50;enercity_Netzgesellschaft_mbH;Lahe;LAH;substation;220.0;220000;110000;SRID=4326;POINT(9.82158380229154_52.4248552546066);982.158.380.229;524.248.552.546;;
381;50;;Obrigheim;;substation;220.0;220000;110000;SRID=4326;POINT(9.0762254363019_49.3633869626072);90.762.254.363;493.633.869.626;;
382;50;TenneT_TSO_GmbH;Umspannwerk_Bergrheinfeld;BRF;substation;380.0;380000;220000;110000;SRID=4326;POINT(10.1602912689993_49.9891947837947);10.160.291.269;499.891.947.838;
383;50;;Schweinfurt;;substation;220.0;220000;110000;SRID=4326;POINT(10.1964915719944_50.0279724033143);10.196.491.572;500.279.724.033;;
384;50;TenneT_TSO_GmbH;E.ON_Netz_GmbH;Umspannwerk_Raitersaich;substation;380.0;380000;220000;110000;SRID=4326;POINT(10.8431177989998_49.3786926858391);10.843.117.799;493.786.926.858;
385;50;TenneT_TSO_GmbH;E.ON_Netz_GmbH;Umspannwerk_Aschaffenburg;substation;380.0;380000;220000;110000;SRID=4326;POINT(9.09051754868887_49.9700413735997);909.051.754.869;499.700.413.736;
386;;;Umspannwerk_Lage;;substation;220.0;220000;110000;SRID=4326;POINT(8.8139941935628_51.9834366294197);881.399.419.356;519.834.366.294;;
387;50;;Veltheim;;substation;220.0;220000;110000;SRID=4326;POINT(8.93221843866486_52.1933124298166);893.221.843.866;521.933.124.298;;
388;50;EON_WestfalenWeser;Umspannwerk_Meissen;;substation;220.0;220000;110000;SRID=4326;POINT(8.95904413219088_52.2784949764899);895.904.413.219;522.784.949.765;;
389;50;TenneT_TSO_GmbH;E.ON_Netz_GmbH;Umspannwerk_Trennfeld;substation;220.0;220000;110000;SRID=4326;POINT(9.59430158866246_49.7984427303145);959.430.158.866;497.984.427.303;;
390;50;EON_Netz;Kriegenbrunn;KRI;substation;380.0;380000;110000;SRID=4326;POINT(10.9729038959004_49.5585073756737);109.729.038.959;495.585.073.757;;
391;50;;Kraftwerkseinspeisung_Staudinger;;substation;380.0;220000;110000;SRID=4326;POINT(8.95464412133747_50.0860157333265);895.464.412.134;500.860.157.333;;
392;;;UW_Stahlwerk_ThyssenKrupp_Nirosta;;substation;220.0;220000;SRID=4326;POINT(7.17590438914786_51.4755782506206);717.590.438.915;514.755.782.506;;;
393;50;EnBW;Umspannwerk_Niederstotzingen;;substation;380.0;380000;110000;SRID=4326;POINT(10.231641549556_48.5297622792522);102.316.415.496;485.297.622.793;;
394;50;EnBW;Umspannwerk_Rotensohl;;substation;380.0;380000;110000;SRID=4326;POINT(10.2224539935941_48.7367522347984);102.224.539.936;487.367.522.348;;
395;50;;380kV-Umspannwerk_Gruenkraut;;substation;380.0;380000;110000;SRID=4326;POINT(9.64533503255392_47.7445961090448);964.533.503.255;47.744.596.109;;
396;50;LEW;Gundremmingen;Station_179_U;substation;380.0;380000;110000;SRID=4326;POINT(10.4015868558303_48.5099297352537);104.015.868.558;485.099.297.353;;
397;;TenneT;Umspannwerk_Karben;;substation;380.0;380000;110000;SRID=4326;POINT(8.80962330905886_50.2034748086043);880.962.330.906;502.034.748.086;;
398;50;TenneT;Audorf;;substation;380.0;380000;110000;SRID=4326;POINT(9.72460611042234_54.2882702503445);972.460.611.042;542.882.702.503;;
399;;;Umspannwerk_Weilimdorf;;substation;220.0;220000;110000;SRID=4326;POINT(9.09714220939812_48.8277618380686);90.971.422.094;488.277.618.381;;
400;50;Stadtwerke_Bielefeld_GmbH;Umspannwerk_Bielefeld_Ost;;substation;220.0;220000;110000;SRID=4326;POINT(8.62886493303814_51.9936340707213);862.886.493.304;519.936.340.707;;
401;50;TenneT;Umspannwerk_Kiel_West;;substation;220.0;220000;110000;SRID=4326;POINT(10.0604081018258_54.3487708201584);100.604.081.018;543.487.708.202;;
402;50;TenneT_TSO_GmbH;Itzehoe/West;;substation;220.0;220000;110000;SRID=4326;POINT(9.44963652666114_53.967286497351);944.963.652.666;539.672.864.974;;
403;50;Amprion;Tiengen;;substation;380.0;380000;220000;110000;SRID=4326;POINT(8.25885994832776_47.6342116213731);825.885.994.833;476.342.116.214;
404;;;Betznau;;substation;380.0;380000;220000;SRID=4326;POINT(8.23209442033504_47.5561434831307);823.209.442.034;475.561.434.831;;
405;;ALPIQ_AXPO;Asphard;;substation;380.0;380000;SRID=4326;POINT(7.75259055668336_47.5391330214816);775.259.055.668;475.391.330.215;;;
406;50;;Beuren;;substation;220.0;220000;110000;SRID=4326;POINT(8.86152575255362_47.8064353220893);886.152.575.255;478.064.353.221;;
409;50;EnBW_AG;Umspannwerk_Muehlhausen;;substation;380.0;380000;110000;SRID=4326;POINT(9.21565014323537_48.8523053231829);921.565.014.324;488.523.053.232;;
410;;Kernkraftwerk_Gundremmingen_GmbH;Kernkraftwerk_Gundremmingen;KRB;plant;380.0;;SRID=4326;POINT(10.4012813869114_48.5146084080517);104.012.813.869;485.146.084.081;;;
411;50;TenneT;Umspannwerk_Paderborn_Sued;;substation;220.0;220000;110000;SRID=4326;POINT(8.73757268935919_51.7001692737445);873.757.268.936;517.001.692.737;;
412;50;TenneT;EON_Netz;Luebeck;substation;220.0;220000;110000;SRID=4326;POINT(10.6414677086397_53.9191626884641);106.414.677.086;539.191.626.885;;
413;50;EnBW;Umspannwerk_Wiesloch;;substation;380.0;380000;220000;110000;SRID=4326;POINT(8.67371728898445_49.2904393851271);867.371.728.898;492.904.393.851;
414;50;;Goetzdorf;;substation;220.0;220000;SRID=4326;POINT(9.48789502699389_53.6365577623199);948.789.502.699;536.365.577.623;;;
415;50;TenneT;Abbenfleth;;substation;220.0;220000;SRID=4326;POINT(9.49151079250535_53.6580982806881);949.151.079.251;536.580.982.807;;;
416;;;Poste_lectrique_de_Sierentz;;substation;380.0;400000;SRID=4326;POINT(7.47226685748746_47.6466103447741);747.226.685.749;476.466.103.448;;;
417;;;Freiluftschaltanlage_KW_Schaerding-Neuhaus;;substation;220.0;220000;SRID=4326;POINT(13.4428541936116_48.4345463643775);134.428.541.936;484.345.463.644;;;
418;;;Jochenstein;;substation;220.0;220000;SRID=4326;POINT(13.7106901040113_48.5193051606747);13.710.690.104;485.193.051.607;;;
421;50;;Umspannwerk_Hueffenhardt;;substation;380.0;380000;220000;110000;SRID=4326;POINT(9.09183529743294_49.2946188662059);909.183.529.743;492.946.188.662;
422;50;Stadtwerke_Heidelberg_Netze_GmbH;Umspannanlage_Heidelberg-Sued;;substation;220.0;220000;110000;SRID=4326;POINT(8.66378315807233_49.3600873718872);866.378.315.807;493.600.873.719;;
423;;Schluchseewerk_AG;Kavernenkraftwerk_Saeckingen;;generator;220.0;;SRID=4326;POINT(7.95849127307054_47.5791483196323);795.849.127.307;475.791.483.196;;;
424;50;;Karlsruhe-West;;substation;220.0;220000;110000;SRID=4326;POINT(8.34912612288763_49.0130521177978);834.912.612.289;490.130.521.178;;
425;50;Salzgitter_AG;;;substation;220.0;220000;SRID=4326;POINT(10.4203895577612_52.1652004276784);104.203.895.578;521.652.004.277;;;
426;;;;;substation;220.0;220000;SRID=4326;POINT(10.3884721771883_52.1513649329361);103.884.721.772;521.513.649.329;;;
427;50;EnBW_AG;;;substation;380.0;380000;SRID=4326;POINT(8.30626265141083_49.0128258362562);830.626.265.141;490.128.258.363;;;
428;;Vattenfall_Europe;Kraftwerk_Jaenschwalde;;plant;380.0;;SRID=4326;POINT(14.4598868223649_51.8332759246019);144.598.868.224;518.332.759.246;;;
429;50;;Siersdorf;;substation;380.0;380000;110000;SRID=4326;POINT(6.21619297137216_50.9123617956925);621.619.297.137;509.123.617.957;;
430;;TenneT;380kV_Maasbracht;;substation;380.0;380000;SRID=4326;POINT(5.91852734477995_51.1484263858426);591.852.734.478;511.484.263.858;;;
431;50;Amprion;Kirchberg_Sued;;auxillary_T_node;380.0;380000;SRID=4326;POINT(6.2140153990158_50.9438998573728);621.401.539.902;509.438.998.574;;;
432;;TIWAG-Netz_AG;Silz;;substation;220.0;220000;110000;SRID=4326;POINT(10.9662583424068_47.2695304688802);109.662.583.424;472.695.304.689;;
433;50;E.ON_Netz_GmbH;Umspannwerk_Kruen;;substation;220.0;220000;110000;SRID=4326;POINT(11.2777210418419_47.4958726669837);112.777.210.418;47.495.872.667;;
434;50;;Silz_(AT)_-_Kruen_(DE)_-_Oberbrunn;250;auxillary_T_node;220.0;220000;SRID=4326;POINT(11.2869438320852_47.4928624569052);112.869.438.321;474.928.624.569;;;
435;50;50Hertz;302_Marzahn_-_Thyrow;302;auxillary_T_node;220.0;220000;SRID=4326;POINT(13.5053368398164_52.4747788520482);135.053.368.398;52.474.778.852;;;
436;50;EnBW;_Energiedienst;Umspannwerk_Villingen;substation;380.0;380000;110000;SRID=4326;POINT(8.46542980021065_48.0435236210637);846.542.980.021;480.435.236.211;;
437;50;EnBW;ENGST-KUHMO-VILLI;7630;auxillary_T_node;380.0;380000;SRID=4326;POINT(8.53055554991256_47.9148481845625);853.055.554.991;479.148.481.846;;;
438;50;;220-kV-Umspannwerk_Kuppenheim;;substation;220.0;220000;110000;SRID=4326;POINT(8.24872901623214_48.8463165189067);824.872.901.623;488.463.165.189;;
439;50;EnBW;Daxlanden_-_Weier;DAXLA-KUMRA-WEIER;auxillary_T_node;220.0;220000;SRID=4326;POINT(8.24975045659741_48.8491773731136);82.497.504.566;488.491.773.731;;;
440;50;TenneT;202;202;auxillary_T_node;220.0;220000;SRID=4326;POINT(9.45967747872262_53.8646574512707);945.967.747.872;538.646.574.513;;;
441;50;50Hertz;EON_TEAG;Grossschwabhausen;substation;380.0;380000;110000;SRID=4326;POINT(11.4703941249156_50.9303902294723);114.703.941.249;509.303.902.295;;
442;50;50Hertz;415;415;auxillary_T_node;380.0;380000;SRID=4326;POINT(11.4299065773025_50.9114464610955);114.299.065.773;509.114.464.611;;;
443;50;TenneT;Umspannwerk_Rhede;RHED;substation;380.0;380000;SRID=4326;POINT(7.25465688214231_53.0266716315927);725.465.688.214;530.266.716.316;;;
444;50;Amprion;TenneT;Emsland_West;auxillary_T_node;380.0;380000;SRID=4326;POINT(7.25501773539194_53.0267136928067);725.501.773.539;530.267.136.928;;;
445;50;Amprion;Amelsbueren;;auxillary_T_node;220.0;220000;SRID=4326;POINT(7.37185639416872_52.1977066547834);737.185.639.417;521.977.066.548;;;
446;50;50Hertz_Transmission;Umspannwerk_Windpark_Iven;;substation;220.0;220000;SRID=4326;POINT(13.399828840425_53.7944477778114);133.998.288.404;537.944.477.778;;;
447;50;50Hertz_Transmission;316;316;auxillary_T_node;220.0;220000;SRID=4326;POINT(13.3984708281663_53.7933318754816);133.984.708.282;537.933.318.755;;;
448;50;Amprion;Schwerterheide_Nord;;auxillary_T_node;380.0;380000;SRID=4326;POINT(7.42474524551043_51.4592583943398);742.474.524.551;514.592.583.943;;;
449;50;Amprion;Oerkhaus_West;;auxillary_T_node;380.0;380000;SRID=4326;POINT(7.12336046768833_51.4473443869048);712.336.046.769;514.473.443.869;;;
450;50;RWE;DSW_21;_AVU;substation;380.0;380000;220000;110000;SRID=4326;POINT(7.41670791195847_51.4570521583476);741.670.791.196;514.570.521.583;
451;50;Amprion;Witten_West;;auxillary_T_node;380.0;380000;SRID=4326;POINT(7.41658261384975_51.4607823586596);741.658.261.385;514.607.823.587;;;
452;;Amprion;_Westnetz;Station_Dahlem;substation;380.0;380000;110000;SRID=4326;POINT(6.53175001008574_50.39005126464);653.175.001.009;503.900.512.646;;
453;50;Amprion;Selhausen_West;;auxillary_T_node;380.0;380000;SRID=4326;POINT(6.53303653131644_50.3922427776709);653.303.653.132;503.922.427.777;;;
454;50;Amprion;Neurath_2b;;auxillary_T_node;380.0;380000;SRID=4326;POINT(6.60879226770999_51.0346787720857);660.879.226.771;510.346.787.721;;;
455;50;;Station_Rath;;substation;380.0;380000;SRID=4326;POINT(6.80890624663756_51.2686075940546);680.890.624.664;512.686.075.941;;;
456;50;Amprion;Meerbusch_West;;auxillary_T_node;380.0;380000;SRID=4326;POINT(6.72033167479422_51.3441235773954);672.033.167.479;513.441.235.774;;;
457;50;Amprion;Hochlarmark_West;;auxillary_T_node;220.0;220000;SRID=4326;POINT(7.13937473425833_51.5608313916517);713.937.473.426;515.608.313.917;;;
458;50;Amprion;Haarstrang_Ost;;auxillary_T_node;380.0;220000;SRID=4326;POINT(7.41946378046051_51.4575100936229);741.946.378.046;514.575.100.936;;;
459;;RWE;Station_Welper;;substation;220.0;220000;SRID=4326;POINT(7.19597933005019_51.4115753148661);719.597.933.005;514.115.753.149;;;
460;50;Amprion;Welper_Ost;;auxillary_T_node;220.0;220000;SRID=4326;POINT(7.17920262035811_51.4218244823956);717.920.262.036;514.218.244.824;;;
461;50;;Rheinzink;;substation;220.0;220000;SRID=4326;POINT(7.32427958320741_51.6213874676194);732.427.958.321;516.213.874.676;;;
462;50;Amprion;Elmenhorst_Sued;;auxillary_T_node;220.0;220000;SRID=4326;POINT(7.34371334412713_51.6131049439167);734.371.334.413;516.131.049.439;;;
463;50;Amprion;Utfort_West;;auxillary_T_node;220.0;220000;SRID=4326;POINT(6.52272548882226_51.3224954692993);652.272.548.882;513.224.954.693;;;
464;50;RWE;Station_Bollenacker;;substation;220.0;220000;110000;SRID=4326;POINT(6.96330545403678_50.8337629177582);696.330.545.404;508.337.629.178;;
465;50;Amprion;Godorf_Ost;;auxillary_T_node;220.0;220000;SRID=4326;POINT(6.92909269080674_50.8441529722133);692.909.269.081;508.441.529.722;;;
466;;Westnetz;Station_Stockem;;substation;220.0;220000;110000;SRID=4326;POINT(7.09582671880563_50.8268716757217);709.582.671.881;508.268.716.757;;
467;50;Amprion;Gremberghoven_Ost;;auxillary_T_node;220.0;220000;SRID=4326;POINT(7.09435790958289_50.8269670893312);709.435.790.958;508.269.670.893;;;
468;50;Amprion;Station_Ossenberg;;substation;220.0;220000;110000;SRID=4326;POINT(6.57729057687864_51.5563911802085);657.729.057.688;515.563.911.802;;
469;50;Amprion;Wesel_Ost;;auxillary_T_node;220.0;220000;SRID=4326;POINT(6.65066741434228_51.5537022721424);665.066.741.434;515.537.022.721;;;
470;50;Amprion;Uentrop_Nord;;auxillary_T_node;380.0;380000;SRID=4326;POINT(7.82599043340792_51.7500675542728);782.599.043.341;517.500.675.543;;;
471;50;Amprion;Olefin_West;;auxillary_T_node;220.0;220000;SRID=4326;POINT(6.9289790539233_50.84381694694);692.897.905.392;508.438.169.469;;;
472;50;Amprion;Station_Enniger;;substation;380.0;380000;110000;SRID=4326;POINT(7.9939591196577_51.823095434189);799.395.911.966;518.230.954.342;;
473;50;Amprion;Gersteinwerk_Ost;;auxillary_T_node;380.0;380000;SRID=4326;POINT(7.83402074322725_51.7550403464858);783.402.074.323;517.550.403.465;;;
474;50;TenneT_TSO_GmbH;Avacon_AG;Wechold;substation;220.0;220000;110000;SRID=4326;POINT(9.14517687189382_52.8532464360106);914.517.687.189;52.853.246.436;;
475;50;TenneT;Leitung_2010/2023;1;auxillary_T_node;220.0;220000;SRID=4326;POINT(9.13794792584036_52.8470269944345);913.794.792.584;528.470.269.944;;;
476;50;RWE;Station_Hesseln;;substation;220.0;220000;110000;SRID=4326;POINT(8.31888925383353_52.0660374597241);831.888.925.383;520.660.374.597;;
477;50;Amprion;Halle_West;;auxillary_T_node;220.0;220000;SRID=4326;POINT(8.33466775124759_52.07052004268);833.466.775.125;520.705.200.427;;;
478;50;Amprion;Geithe_West;;auxillary_T_node;380.0;380000;SRID=4326;POINT(7.9818783185962_51.6766515664854);79.818.783.186;516.766.515.665;;;
479;50;;Erzhausen;;substation;220.0;220000;SRID=4326;POINT(9.92382983732643_51.8975617615529);992.382.983.733;518.975.617.616;;;
480;50;TenneT;Leitung_2030/2001;2030/2001;auxillary_T_node;220.0;220000;SRID=4326;POINT(9.8524162497002_51.8987652474175);98.524.162.497;518.987.652.474;;;
481;50;;Leitung_3019/3026/3027;3019;auxillary_T_node;380.0;380000;SRID=4326;POINT(9.4136812208929_52.0274828920508);941.368.122.089;520.274.828.921;;;
482;50;TenneT;Leitung_2019/2027/2029;2;auxillary_T_node;220.0;220000;SRID=4326;POINT(10.3552149923206_52.1758109606876);103.552.149.923;521.758.109.607;;;
483;50;LEW;Umspannwerk_Bidingen_Nr._697_S;;substation;380.0;380000;110000;SRID=4326;POINT(10.7027318899547_47.8264597977002);1.070.273.189;478.264.597.977;;
484;;;K12;;auxillary_T_node;380.0;380000;SRID=4326;POINT(10.7037422782749_47.826415980499);107.037.422.783;478.264.159.805;;;
485;50;LEW;Umspannwerk_Memmingen;;substation;220.0;220000;110000;SRID=4326;POINT(10.1949334440241_47.9709368782958);10.194.933.444;479.709.368.783;;
486;50;;Umspannstation_Irsingen;;substation;220.0;220000;110000;SRID=4326;POINT(10.6412867739286_48.0274512409907);106.412.867.739;48.027.451.241;;
487;;;;O11;auxillary_T_node;220.0;220000;SRID=4326;POINT(10.6418025411196_48.0258492685192);106.418.025.411;480.258.492.685;;;
488;;;HD-Neurott_-_Hueffenhardt;;auxillary_T_node;380.0;380000;SRID=4326;POINT(8.67009921732699_49.3092022842852);867.009.921.733;493.092.022.843;;;
489;;transpower;Voerden;;substation;380.0;380000;110000;SRID=4326;POINT(9.22808874457675_51.8124533663924);922.808.874.458;518.124.533.664;;
490;;TenneT;;3012;auxillary_T_node;380.0;380000;SRID=4326;POINT(9.23187002273009_51.810119094224);923.187.002.273;518.101.190.942;;;
491;50;;Delmensingen_-_Niederstotzingen_-_Rotensohl;;auxillary_T_node;380.0;380000;SRID=4326;POINT(10.2341629653667_48.5289320393823);102.341.629.654;485.289.320.394;;;
492;;TenneT;Mainova;Umspannwerk_Frankfurt_Nord;substation;220.0;220000;110000;SRID=4326;POINT(8.73513573367143_50.1591915403542);873.513.573.367;501.591.915.404;;
493;50;EON_Netz;Doernigheim_110_kV;DOEH;substation;220.0;110000;SRID=4326;POINT(8.87225963914833_50.1297253197387);887.225.963.915;501.297.253.197;;;
494;;;Staudinger_-_Doernigheim_-_Frankfurt_Nord;;auxillary_T_node;220.0;220000;SRID=4326;POINT(8.74326052934848_50.1623379810729);874.326.052.935;501.623.379.811;;;
495;50;TenneT_TSO_GmbH;Audorf_-_Jardelund;;auxillary_T_node;380.0;380000;SRID=4326;POINT(9.33223016559803_54.7210227584184);93.322.301.656;547.210.227.584;;;
2_220kV;50;TenneT;Umspannwerk_Kraftwerk_Robert_Frank;;substation;220.0;220000;SRID=4326;POINT(9.11321007472722_52.5438533223737);911.321.007.473;525.438.533.224;;;
5_220kV;50;TenneT;Wahle;;substation;220.0;380000;220000;SRID=4326;POINT(10.3662749375017_52.2846467462009);103.662.749.375;522.846.467.462;;
10_220kV;;50Hertz_Transmission_GmbH;E.ON_edis_AG;Wustermark;substation;220.0;380000;220000;110000;SRID=4326;POINT(12.9416466019288_52.5621144045848);129.416.466.019;525.621.144.046;
12_220kV;50;50Hertz_Transmission_GmbH;Neuenhagen;NHG_TCC;substation;220.0;380000;220000;110000;SRID=4326;POINT(13.7096697058228_52.5397952580643);137.096.697.058;525.397.952.581;
13_220kV;;TenneT_TSO_GmbH;E.ON_Netz_GmbH;Umspannwerk_Oberbachern;substation;220.0;380000;220000;110000;SRID=4326;POINT(11.3704262486892_48.2914922329548);113.704.262.487;48.291.492.233;
15_220kV;50;TenneT_TSO_GmbH;Umspannwerk_Ottenhofen;OH;substation;220.0;380000;220000;SRID=4326;POINT(11.8681562938884_48.2068029185353);118.681.562.939;482.068.029.185;;
18_220kV;;50Hertz;Umspannwerk_Lubmin;;substation;220.0;380000;220000;SRID=4326;POINT(13.6834769666546_54.1390906406635);136.834.769.667;541.390.906.407;;
20_220kV;50;50Hertz_Transmission;Umspannwerk_Hamburg-Nord;;substation;220.0;380000;220000;110000;SRID=4326;POINT(9.98460982000897_53.7411287759659);998.460.982.001;53.741.128.776;
22_220kV;50;50Hertz_Transmission;Umspannwerk_Kernkraftwerk_Brunsbuettel;;substation;220.0;380000;220000;110000;SRID=4326;POINT(9.20210420095253_53.8951574100045);920.210.420.095;5.389.515.741;
24_220kV;50;TenneT;Schleswig-Holstein_Netz_AG;Audorf;substation;220.0;220000;110000;SRID=4326;POINT(9.72699196993402_54.2914209867842);972.699.196.993;542.914.209.868;;
26_220kV;;;Brokdorf;;substation;220.0;380000;220000;SRID=4326;POINT(9.34400177215961_53.8517774635399);934.400.177.216;538.517.774.635;;
30_220kV;50;;Dollern;;substation;220.0;380000;220000;110000;SRID=4326;POINT(9.5017896678173_53.5428143723363);950.178.966.782;535.428.143.723;
32_220kV;50;50Hertz_Transmission_GmbH;Umspannwerk_Vieselbach;;substation;220.0;380000;220000;110000;SRID=4326;POINT(11.1228545605428_50.9989090670144);111.228.545.605;50.998.909.067;
37_220kV;;50Hertz_Transmission_GmbH;Umspannwerk_Wolmirstedt;;substation;220.0;380000;220000;SRID=4326;POINT(11.6389127631156_52.2687346818467);116.389.127.631;522.687.346.818;;
42_220kV;50;50Hertz;Guestrow;;substation;220.0;380000;220000;SRID=4326;POINT(12.1869848227216_53.8157751724384);121.869.848.227;538.157.751.724;;
46_220kV;50;50Hertz;Umspannwerk_Marzahn;MZA9;substation;220.0;380000;220000;110000;SRID=4326;POINT(13.5241987309997_52.5356342713481);13.524.198.731;525.356.342.713;
52_220kV;50;EnBW;Karlsruhe-Daxlanden;;substation;220.0;380000;220000;110000;SRID=4326;POINT(8.3133401659254_49.0090434643525);831.334.016.593;490.090.434.644;
56_220kV;50;EnBW;Umspannwerk_Neurott;;substation;220.0;380000;220000;SRID=4326;POINT(8.62320967451897_49.3565822492832);862.320.967.452;493.565.822.493;;
61_220kV;50;Avacon_AG;Umspannwerk_Farge;FARG;substation;220.0;110000;SRID=4326;POINT(8.51888180951659_53.2026352836834);851.888.180.952;532.026.352.837;;;
68_220kV;;RWE;Umspannwerk_Urberach;;substation;220.0;380000;220000;110000;SRID=4326;POINT(8.77244296019056_49.974668665137);877.244.296.019;499.746.686.651;
69_220kV;50;RWE;Station_Buerstadt;;substation;220.0;380000;220000;SRID=4326;POINT(8.41937105938048_49.6337356823792);841.937.105.938;496.337.356.824;;
74_220kV;50;50Hertz;Umspannwerk_Ragow;RAG;substation;220.0;380000;110000;SRID=4326;POINT(13.9024346886892_51.8747235190459);139.024.346.887;51.874.723.519;;
78_220kV;50;50Hertz_Transmission_GmbH;Umspannwerk_Remptendorf;RDF;substation;220.0;380000;220000;110000;SRID=4326;POINT(11.6463786274424_50.534876971042);116.463.786.274;50.534.876.971;
86_220kV;50;Amprion;Hanekenfaehr;;substation;220.0;380000;220000;110000;SRID=4326;POINT(7.30820430094578_52.4768353862806);730.820.430.095;524.768.353.863;
87_220kV;50;RWE;Station_Kusenhorst;;substation;220.0;380000;220000;110000;SRID=4326;POINT(7.06030699176008_51.6964760130648);706.030.699.176;516.964.760.131;
94_220kV;50;Amprion;Wehrendorf;;substation;220.0;380000;220000;110000;SRID=4326;POINT(8.30775689679575_52.3456356447783);83.077.568.968;523.456.356.448;
95_220kV;50;Amprion;Station_Westerkappeln;;substation;220.0;380000;220000;110000;SRID=4326;POINT(7.88957671235007_52.2773967624078);788.957.671.235;522.773.967.624;
96_220kV;50;;Benteler_Stahlwerk;;substation;220.0;220000;SRID=4326;POINT(7.31784994377907_52.4691114902799);731.784.994.378;524.691.114.903;;;
99_220kV;50;Amprion;Umspannwerk_Uchtelfangen;;substation;220.0;380000;220000;110000;SRID=4326;POINT(6.99647659179489_49.3754093063084);699.647.659.179;493.754.093.063;
100_220kV;50;Amprion;_Westnetz;Station_Niederstedem;substation;220.0;380000;220000;110000;SRID=4326;POINT(6.47473977006816_49.9224692993999);647.473.977.007;499.224.692.994;
104_220kV;50;RWE;Station_Buescherhof;;substation;220.0;380000;220000;SRID=4326;POINT(6.92675896360373_51.4992056838496);69.267.589.636;514.992.056.838;;
105_220kV;;RWE;Station_Niederrhein;;substation;220.0;380000;220000;110000;SRID=4326;POINT(6.68078798893986_51.6462959356851);668.078.798.894;516.462.959.357;
106_220kV;50;Amprion;Station_Hattingen;;substation;220.0;380000;220000;110000;SRID=4326;POINT(7.16721460965932_51.3899067582106);716.721.460.966;513.899.067.582;
107_220kV;50;RWE;Station_Eiberg;;substation;220.0;380000;220000;SRID=4326;POINT(7.1255729106725_51.4489772588145);712.557.291.067;514.489.772.588;;
117_220kV;;RWE;Station_Sechtem;;substation;220.0;380000;220000;110000;SRID=4326;POINT(6.97257742700703_50.795693017514);697.257.742.701;507.956.930.175;
120_220kV;50;RWE;Station_Dauersberg;;substation;220.0;380000;220000;110000;SRID=4326;POINT(7.86394571365263_50.7682419129404);786.394.571.365;507.682.419.129;
123_220kV;50;RWE;Station_Rommerskirchen;;substation;220.0;380000;220000;SRID=4326;POINT(6.70220337779745_51.0088609096753);67.022.033.778;510.088.609.097;;
124_220kV;50;;KW_Neurath;;substation;220.0;380000;220000;110000;SRID=4326;POINT(6.61240231530956_51.0359242594819);661.240.231.531;510.359.242.595;
125_220kV;;RWE;Station_Opladen;;substation;220.0;380000;220000;110000;SRID=4326;POINT(6.96568442352005_51.0693295322353);696.568.442.352;510.693.295.322;
128_220kV;50;Amprion;Station_Weissenthurm;;substation;220.0;380000;220000;110000;SRID=4326;POINT(7.44948529010545_50.4025276621126);744.948.529.011;504.025.276.621;
129_220kV;50;RWE;Station_Osterath;;substation;220.0;220000;110000;SRID=4326;POINT(6.62582790177014_51.2606098249047);662.582.790.177;512.606.098.249;;
138_220kV;;;Kraftwerk_Scholven;;generator;220.0;;SRID=4326;POINT(7.00674987859998_51.5999114220203);70.067.498.786;51.599.911.422;;;
143_220kV;;E.On_Kraftwerke_GmbH;Kraftwerk_Knepper;;generator;220.0;;SRID=4326;POINT(7.35135784054859_51.568368608134);735.135.784.055;515.683.686.081;;;
156_220kV;;;Kraftwerkschaltanlage_Knapsack_1;;substation;220.0;380000;220000;SRID=4326;POINT(6.84223115147656_50.8598647243573);684.223.115.148;508.598.647.244;;
157_220kV;50;Amprion;Station_Guetersloh;;substation;220.0;380000;220000;110000;SRID=4326;POINT(8.364229530696_51.9271204904611);83.642.295.307;519.271.204.905;
159_220kV;50;TenneT;Conneforde;CONN;substation;220.0;380000;220000;110000;SRID=4326;POINT(8.05408735442182_53.3323026933898);805.408.735.442;533.323.026.934;
160_220kV;50;EON_Netz;Kernkraftwerk_Unterweser;;substation;220.0;380000;220000;SRID=4326;POINT(8.47791063608626_53.428485468955);847.791.063.609;53.428.485.469;;
165_220kV;50;Amprion;Station_Gersteinwerk;;substation;220.0;380000;220000;110000;SRID=4326;POINT(7.70831848872651_51.6762033088437);770.831.848.873;516.762.033.088;
184_220kV;50;Amprion;Station_Utfort;;substation;220.0;380000;220000;110000;SRID=4326;POINT(6.61738109142906_51.4757909635544);661.738.109.143;514.757.909.636;
191_220kV;50;Amprion;Station_Walsum;;substation;220.0;220000;110000;SRID=4326;POINT(6.71525259691926_51.5267908666491);671.525.259.692;515.267.908.666;;
195_220kV;;;Station_Moellen;;substation;220.0;220000;SRID=4326;POINT(6.68310697663871_51.5756455059265);668.310.697.664;515.756.455.059;;;
201_220kV;50;EON_Netz;Sottrum;;substation;220.0;380000;220000;110000;SRID=4326;POINT(9.25103425143703_53.1144323051271);925.103.425.144;531.144.323.051;
220_220kV;50;TenneT;Umspannwerk_Bechterdissen;;substation;220.0;380000;220000;110000;SRID=4326;POINT(8.65937290290079_51.9996101318907);86.593.729.029;519.996.101.319;
231_220kV;50;Schluchseewerk_AG;Lastverteilung/Schaltanlage_Kuehmoos;;substation;220.0;380000;220000;SRID=4326;POINT(7.95805402328778_47.5954722640613);795.805.402.329;475.954.722.641;;
232_220kV;50;LEW;Voehringen_LEW;Station_Nr._625;substation;220.0;380000;220000;110000;SRID=4326;POINT(10.0837512706734_48.268867515302);100.837.512.707;482.688.675.153;
233_220kV;50;EnBW;Umspannwerk_Dellmensingen;;substation;220.0;380000;220000;110000;SRID=4326;POINT(9.88551509756969_48.3040743584705);988.551.509.757;483.040.743.585;
236_220kV;50;EnBW;Umspannwerk_Hoheneck_EnBW;;substation;220.0;220000;110000;SRID=4326;POINT(9.19675652645089_48.9129634380259);919.675.652.645;48.912.963.438;;
247_220kV;50;Amprion;Schaltanlage_Leupolz;;substation;220.0;380000;220000;SRID=4326;POINT(10.363384232266_47.7383368092793);103.633.842.323;477.383.368.093;;
248_220kV;;Trianel;Trianel_Kraftwerk_Luenen;;generator;220.0;;;;SRID=4326;POINT(7.46150025901999_51.6146143079042);746.150.025.902;516.146.143.079;
250_220kV;;;Gersteinwerk_Block_F;;generator;220.0;;;;SRID=4326;POINT(7.71554341949648_51.6736430744508);77.155.434.195;516.736.430.745;
251_220kV;;;Gersteinwerk_Block_G;;generator;220.0;;;;SRID=4326;POINT(7.71459453349968_51.6730996381138);77.145.945.335;516.730.996.381;
252_220kV;;;Gersteinwerk_Block_I;;generator;220.0;;;;SRID=4326;POINT(7.71270093431027_51.672663662233);771.270.093.431;516.726.636.622;
261_220kV;50;EnBW_Transportnetze_AG;380kV-Umspannwerk_Pulverdingen;;substation;220.0;380000;220000;110000;SRID=4326;POINT(9.0454349679866_48.9029620137561);904.543.496.799;489.029.620.138;
263_220kV;;Vorarlberger_Illwerke_AG;Umspannwerk_Buers;;substation;220.0;380000;220000;SRID=4326;POINT(9.81091689214732_47.142645296653);981.091.689.215;471.426.452.967;;
264_220kV;;EnBW;Umspannwerk_Herbertingen;;substation;220.0;380000;220000;110000;SRID=4326;POINT(9.42551238607291_48.0643507981263);942.551.238.607;480.643.507.981;
267_220kV;50;RWE;Station_Sankt_Peter_220_kV;;substation;220.0;220000;110000;SRID=4326;POINT(6.8018236570969_51.1247880606241);68.018.236.571;511.247.880.606;;
272_220kV;50;TenneT;Flensburg;FLEN;substation;220.0;380000;220000;110000;20000;SRID=4326;POINT(9.31819523638713_54.7160494089748);931.819.523.639;54.716.049.409
279_220kV;50;50Hertz;Umspannwerk_Roehrsdorf;ROE;substation;220.0;380000;220000;110000;SRID=4326;POINT(12.8139099116529_50.8579185114397);128.139.099.117;508.579.185.114;
281_220kV;;50Hertz;Umspannwerk_Weida;;substation;220.0;380000;220000;110000;SRID=4326;POINT(12.0449825161601_50.7812567340735);120.449.825.162;507.812.567.341;
282_220kV;50;50Hertz_Transmission;Eula;;substation;220.0;380000;220000;110000;SRID=4326;POINT(12.5182220968156_51.1570725850832);125.182.220.968;511.570.725.851;
292_220kV;50;50Hertz;Umspannwerk_Foerderstedt;MD_38;substation;220.0;220000;110000;SRID=4326;POINT(11.6441811001256_51.908512873438);116.441.811.001;519.085.128.734;;
303_220kV;;;Umspannanlage_Wuergassen;;substation;220.0;380000;220000;110000;SRID=4326;POINT(9.38765125748855_51.640733525594);938.765.125.749;516.407.335.256;
307_220kV;;;380-kV-Umspannwerk_Grossgartach;;substation;220.0;380000;220000;110000;SRID=4326;POINT(9.15135394990856_49.1433834119236);915.135.394.991;491.433.834.119;
308_220kV;;;Grafenrheinfeld;GR;substation;220.0;380000;SRID=4326;POINT(10.1878339995516_49.981219040845);101.878.339.996;499.812.190.408;;;
312_220kV;50;EnBW;Umspannwerk_Goldshoefe;;substation;220.0;380000;220000;110000;SRID=4326;POINT(10.1174866946797_48.8971053361382);101.174.866.947;488.971.053.361;
315_220kV;50;Lech-Elektrizitaetswerke;Umspannwerk_Oberottmarshausen;173A;substation;220.0;380000;220000;110000;SRID=4326;POINT(10.8408695619217_48.2380310092335);108.408.695.619;482.380.310.092;
317_220kV;50;Austrian_Power_Grid_AG;APG_Umspannwerk_Westtirol;;substation;220.0;380000;220000;110000;SRID=4326;POINT(10.8739357569814_47.2444239286028);10.873.935.757;472.444.239.286;
322_220kV;50;EnBW;220-kV-Umspannwerk_Eichstetten;;substation;220.0;220000;110000;SRID=4326;POINT(7.75186249820802_48.0964057188536);775.186.249.821;480.964.057.189;;
332_220kV;50;"TenneT_TSO_GmbH;_E.ON_Netz_GmbH";Umspannwerk_Pleinting;PT;substation;220.0;380000;220000;110000;SRID=4326;POINT(13.1034346393158_48.6667929606034);131.034.346.393;486.667.929.606;
334_220kV;;;Umspannwerk_Redwitz;RED;substation;220.0;380000;110000;SRID=4326;POINT(11.193727795361_50.1622144406172);111.937.277.954;501.622.144.406;;
336_220kV;50;TenneT_TSO_GmbH;E.ON_Netz_GmbH;Umspannwerk_Mechlenreuth;substation;220.0;380000;220000;110000;SRID=4326;POINT(11.8107025453557_50.1837655260691);118.107.025.454;501.837.655.261;
338_220kV;50;"TenneT_TSO_GmbH;_E.ON_Netz_GmbH";Schwandorf;SD;substation;220.0;380000;220000;110000;SRID=4326;POINT(12.0822544456506_49.2974477669261);120.822.544.457;492.974.477.669;
351_220kV;50;;Ingolstadt;IN;substation;220.0;380000;220000;110000;SRID=4326;POINT(11.5077305510922_48.7611239877457);115.077.305.511;487.611.239.877;
353_220kV;50;;Irsching;IRS;substation;220.0;380000;220000;110000;SRID=4326;POINT(11.5813705216127_48.7648940508515);115.813.705.216;487.648.940.509;
360_220kV;50;;Umspannanlage_Ensdorf;;substation;220.0;380000;220000;110000;SRID=4326;POINT(6.77320783777607_49.2910742103854);677.320.783.778;492.910.742.104;
362_220kV;50;;Laufenburg;;substation;220.0;380000;220000;SRID=4326;POINT(8.04936352422006_47.550881853478);804.936.352.422;475.508.818.535;;
382_220kV;50;TenneT_TSO_GmbH;Umspannwerk_Bergrheinfeld;BRF;substation;220.0;380000;220000;110000;SRID=4326;POINT(10.1602912689993_49.9891947837947);10.160.291.269;499.891.947.838;
384_220kV;50;TenneT_TSO_GmbH;E.ON_Netz_GmbH;Umspannwerk_Raitersaich;substation;220.0;380000;220000;110000;SRID=4326;POINT(10.8431177989998_49.3786926858391);10.843.117.799;493.786.926.858;
385_220kV;50;TenneT_TSO_GmbH;E.ON_Netz_GmbH;Umspannwerk_Aschaffenburg;substation;220.0;380000;220000;110000;SRID=4326;POINT(9.09051754868887_49.9700413735997);909.051.754.869;499.700.413.736;
391_220kV;50;;Kraftwerkseinspeisung_Staudinger;;substation;220.0;220000;110000;SRID=4326;POINT(8.95464412133747_50.0860157333265);895.464.412.134;500.860.157.333;;
403_220kV;50;Amprion;Tiengen;;substation;220.0;380000;220000;110000;SRID=4326;POINT(8.25885994832776_47.6342116213731);825.885.994.833;476.342.116.214;
404_220kV;;;Betznau;;substation;220.0;380000;220000;SRID=4326;POINT(8.23209442033504_47.5561434831307);823.209.442.034;475.561.434.831;;
413_220kV;50;EnBW;Umspannwerk_Wiesloch;;substation;220.0;380000;220000;110000;SRID=4326;POINT(8.67371728898445_49.2904393851271);867.371.728.898;492.904.393.851;
421_220kV;50;;Umspannwerk_Hueffenhardt;;substation;220.0;380000;220000;110000;SRID=4326;POINT(9.09183529743294_49.2946188662059);909.183.529.743;492.946.188.662;
450_220kV;50;RWE;DSW_21;_AVU;substation;220.0;380000;220000;110000;SRID=4326;POINT(7.41670791195847_51.4570521583476);741.670.791.196;514.570.521.583;
458_220kV;50;Amprion;Haarstrang_Ost;;auxillary_T_node;220.0;220000;SRID=4326;POINT(7.41946378046051_51.4575100936229);741.946.378.046;514.575.100.936;;;
